cyl,row_idx,col_idx,rpm,tps_pct,ve_base,ve_new,delta,delta_pct
VE (TPS based/Front Cyl),5,0,1500,0.0,78.50,80.86,+2.355,+3.00
VE (TPS based/Front Cyl),5,1,1500,2.3,88.00,87.25,-0.750,-0.85
VE (TPS based/Front Cyl),5,5,1500,15.0,90.50,91.91,+1.406,+1.55
VE (TPS based/Front Cyl),5,6,1500,20.0,86.00,88.58,+2.580,+3.00
VE (TPS based/Front Cyl),5,7,1500,25.0,82.00,84.46,+2.460,+3.00
VE (TPS based/Front Cyl),5,8,1500,30.0,78.50,80.86,+2.355,+3.00
VE (TPS based/Front Cyl),5,9,1500,40.0,81.40,83.04,+1.641,+2.02
VE (TPS based/Front Cyl),5,10,1500,60.0,77.00,79.31,+2.310,+3.00
VE (TPS based/Front Cyl),6,0,1750,0.0,79.50,81.35,+1.850,+2.33
VE (TPS based/Front Cyl),6,1,1750,2.3,91.00,88.31,-2.688,-2.95
VE (TPS based/Front Cyl),6,2,1750,5.0,90.50,91.21,+0.707,+0.78
VE (TPS based/Front Cyl),6,4,1750,10.0,102.00,100.58,-1.418,-1.39
VE (TPS based/Front Cyl),6,5,1750,15.0,103.50,101.69,-1.809,-1.75
VE (TPS based/Front Cyl),6,6,1750,20.0,105.50,102.33,-3.165,-3.00
VE (TPS based/Front Cyl),6,7,1750,25.0,100.50,98.13,-2.371,-2.36
VE (TPS based/Front Cyl),6,8,1750,30.0,103.40,100.30,-3.102,-3.00
VE (TPS based/Front Cyl),6,9,1750,40.0,94.05,92.90,-1.150,-1.22
VE (TPS based/Front Cyl),6,10,1750,60.0,87.00,87.82,+0.815,+0.94
VE (TPS based/Front Cyl),7,0,2000,0.0,79.50,80.75,+1.250,+1.57
VE (TPS based/Front Cyl),7,1,2000,2.3,79.00,81.37,+2.370,+3.00
VE (TPS based/Front Cyl),7,2,2000,5.0,99.00,96.03,-2.970,-3.00
VE (TPS based/Front Cyl),7,4,2000,10.0,108.50,105.86,-2.643,-2.44
VE (TPS based/Front Cyl),7,5,2000,15.0,110.00,108.47,-1.528,-1.39
VE (TPS based/Front Cyl),7,6,2000,20.0,103.06,104.59,+1.535,+1.49
VE (TPS based/Front Cyl),7,7,2000,25.0,96.50,99.40,+2.895,+3.00
VE (TPS based/Front Cyl),7,8,2000,30.0,111.10,107.77,-3.333,-3.00
VE (TPS based/Front Cyl),7,10,2000,60.0,96.59,95.43,-1.162,-1.20
VE (TPS based/Front Cyl),8,1,2250,2.3,81.00,83.43,+2.430,+3.00
VE (TPS based/Front Cyl),8,2,2250,5.0,101.13,98.10,-3.034,-3.00
VE (TPS based/Front Cyl),8,3,2250,7.3,95.40,98.09,+2.687,+2.82
VE (TPS based/Front Cyl),8,4,2250,10.0,108.00,106.03,-1.968,-1.82
VE (TPS based/Front Cyl),8,5,2250,15.0,112.00,110.46,-1.537,-1.37
VE (TPS based/Front Cyl),8,6,2250,20.0,113.00,110.26,-2.743,-2.43
VE (TPS based/Front Cyl),8,7,2250,25.0,108.00,106.85,-1.146,-1.06
VE (TPS based/Front Cyl),8,8,2250,30.0,103.00,102.01,-0.987,-0.96
VE (TPS based/Front Cyl),8,9,2250,40.0,100.10,98.75,-1.350,-1.35
VE (TPS based/Front Cyl),8,10,2250,60.0,99.00,96.20,-2.802,-2.83
VE (TPS based/Front Cyl),9,0,2500,0.0,80.50,81.25,+0.750,+0.93
VE (TPS based/Front Cyl),9,1,2500,2.3,82.00,84.46,+2.460,+3.00
VE (TPS based/Front Cyl),9,2,2500,5.0,95.50,93.80,-1.702,-1.78
VE (TPS based/Front Cyl),9,3,2500,7.3,90.45,93.16,+2.713,+3.00
VE (TPS based/Front Cyl),9,5,2500,15.0,112.56,110.99,-1.570,-1.39
VE (TPS based/Front Cyl),9,6,2500,20.0,111.50,110.35,-1.148,-1.03
VE (TPS based/Front Cyl),9,7,2500,25.0,106.50,105.23,-1.271,-1.19
VE (TPS based/Front Cyl),9,8,2500,30.0,101.00,99.21,-1.794,-1.78
VE (TPS based/Front Cyl),9,9,2500,40.0,86.00,88.58,+2.580,+3.00
VE (TPS based/Front Cyl),9,10,2500,60.0,83.50,86.00,+2.505,+3.00
VE (TPS based/Front Cyl),10,1,2750,2.3,84.50,86.11,+1.612,+1.91
VE (TPS based/Front Cyl),10,2,2750,5.0,98.50,95.55,-2.955,-3.00
VE (TPS based/Front Cyl),10,3,2750,7.3,103.79,100.67,-3.114,-3.00
VE (TPS based/Front Cyl),10,4,2750,10.0,100.72,102.06,+1.344,+1.33
VE (TPS based/Front Cyl),10,5,2750,15.0,116.86,113.35,-3.506,-3.00
VE (TPS based/Front Cyl),10,7,2750,25.0,96.21,99.10,+2.886,+3.00
VE (TPS based/Front Cyl),10,8,2750,30.0,90.45,93.16,+2.713,+3.00
VE (TPS based/Front Cyl),10,9,2750,40.0,89.03,90.19,+1.153,+1.29
VE (TPS based/Front Cyl),11,0,3000,0.0,86.00,87.10,+1.100,+1.28
VE (TPS based/Front Cyl),11,1,3000,2.3,87.50,89.35,+1.853,+2.12
VE (TPS based/Front Cyl),11,2,3000,5.0,88.80,91.46,+2.664,+3.00
VE (TPS based/Front Cyl),11,3,3000,7.3,92.56,95.34,+2.777,+3.00
VE (TPS based/Front Cyl),11,4,3000,10.0,101.00,103.92,+2.927,+2.90
VE (TPS based/Front Cyl),11,5,3000,15.0,105.24,108.20,+2.962,+2.81
VE (TPS based/Front Cyl),11,10,3000,60.0,83.76,86.27,+2.513,+3.00
VE (TPS based/Front Cyl),12,2,3500,5.0,102.85,99.76,-3.085,-3.00
VE (TPS based/Front Cyl),12,3,3500,7.3,105.19,103.71,-1.484,-1.41
VE (TPS based/Front Cyl),12,5,3500,15.0,119.50,117.41,-2.094,-1.75
VE (TPS based/Front Cyl),12,7,3500,25.0,121.79,118.71,-3.083,-2.53
VE (TPS based/Front Cyl),12,9,3500,40.0,98.66,100.81,+2.150,+2.18
VE (TPS based/Front Cyl),13,0,4000,0.0,98.50,97.10,-1.400,-1.42
VE (TPS based/Front Cyl),13,1,4000,2.3,95.50,97.13,+1.627,+1.70
VE (TPS based/Front Cyl),13,3,4000,7.3,104.41,105.23,+0.818,+0.78
VE (TPS based/Front Cyl),13,4,4000,10.0,116.65,114.65,-1.998,-1.71
VE (TPS based/Front Cyl),13,5,4000,15.0,130.90,126.97,-3.927,-3.00
VE (TPS based/Front Cyl),13,7,4000,25.0,127.63,124.40,-3.240,-2.54
VE (TPS based/Front Cyl),13,8,4000,30.0,117.34,116.43,-0.902,-0.77
VE (TPS based/Front Cyl),14,1,4500,2.3,97.50,98.79,+1.292,+1.33
VE (TPS based/Front Cyl),14,2,4500,5.0,105.09,102.57,-2.512,-2.39
VE (TPS based/Front Cyl),14,3,4500,7.3,101.00,102.68,+1.674,+1.66
VE (TPS based/Front Cyl),14,4,4500,10.0,106.06,108.95,+2.885,+2.72
VE (TPS based/Front Cyl),14,5,4500,15.0,123.20,121.14,-2.056,-1.67
VE (TPS based/Front Cyl),14,6,4500,20.0,133.10,129.11,-3.993,-3.00
VE (TPS based/Front Cyl),14,7,4500,25.0,120.50,121.64,+1.135,+0.94
VE (TPS based/Front Cyl),14,9,4500,40.0,115.00,113.76,-1.240,-1.08
VE (TPS based/Front Cyl),14,10,4500,60.0,112.66,109.87,-2.795,-2.48
VE (TPS based/Front Cyl),15,4,5000,10.0,101.00,104.03,+3.030,+3.00
VE (TPS based/Front Cyl),15,5,5000,15.0,117.00,115.84,-1.165,-1.00
VE (TPS based/Front Cyl),15,9,5000,40.0,112.50,113.85,+1.347,+1.20
VE (TPS based/Front Cyl),15,10,5000,60.0,105.50,108.67,+3.165,+3.00
VE (TPS based/Rear Cyl),5,0,1500,0.0,83.50,86.00,+2.505,+3.00
VE (TPS based/Rear Cyl),5,1,1500,2.3,95.50,93.75,-1.750,-1.83
VE (TPS based/Rear Cyl),5,5,1500,15.0,96.00,97.19,+1.188,+1.24
VE (TPS based/Rear Cyl),5,6,1500,20.0,88.00,90.64,+2.640,+3.00
VE (TPS based/Rear Cyl),5,7,1500,25.0,83.50,86.00,+2.505,+3.00
VE (TPS based/Rear Cyl),5,8,1500,30.0,79.50,81.89,+2.385,+3.00
VE (TPS based/Rear Cyl),5,9,1500,40.0,79.20,81.56,+2.356,+2.98
VE (TPS based/Rear Cyl),5,10,1500,60.0,75.50,77.77,+2.265,+3.00
VE (TPS based/Rear Cyl),6,0,1750,0.0,84.00,86.52,+2.520,+3.00
VE (TPS based/Rear Cyl),6,1,1750,2.3,98.50,95.55,-2.955,-3.00
VE (TPS based/Rear Cyl),6,3,1750,7.3,102.50,103.87,+1.366,+1.33
VE (TPS based/Rear Cyl),6,4,1750,10.0,110.00,108.30,-1.697,-1.54
VE (TPS based/Rear Cyl),6,5,1750,15.0,109.50,107.67,-1.827,-1.67
VE (TPS based/Rear Cyl),6,6,1750,20.0,107.50,104.28,-3.225,-3.00
VE (TPS based/Rear Cyl),6,7,1750,25.0,100.50,98.66,-1.836,-1.83
VE (TPS based/Rear Cyl),6,8,1750,30.0,103.40,100.30,-3.102,-3.00
VE (TPS based/Rear Cyl),6,9,1750,40.0,92.40,91.71,-0.693,-0.75
VE (TPS based/Rear Cyl),6,10,1750,60.0,85.50,86.17,+0.667,+0.78
VE (TPS based/Rear Cyl),7,0,2000,0.0,84.50,86.10,+1.600,+1.89
VE (TPS based/Rear Cyl),7,1,2000,2.3,85.50,88.06,+2.565,+3.00
VE (TPS based/Rear Cyl),7,2,2000,5.0,109.00,105.73,-3.270,-3.00
VE (TPS based/Rear Cyl),7,3,2000,7.3,106.86,108.16,+1.301,+1.22
VE (TPS based/Rear Cyl),7,4,2000,10.0,119.00,115.43,-3.570,-3.00
VE (TPS based/Rear Cyl),7,5,2000,15.0,118.50,116.24,-2.264,-1.91
VE (TPS based/Rear Cyl),7,6,2000,20.0,106.77,108.48,+1.709,+1.60
VE (TPS based/Rear Cyl),7,7,2000,25.0,96.50,99.40,+2.895,+3.00
VE (TPS based/Rear Cyl),7,8,2000,30.0,109.45,106.17,-3.284,-3.00
VE (TPS based/Rear Cyl),7,10,2000,60.0,97.12,95.10,-2.021,-2.08
VE (TPS based/Rear Cyl),8,1,2250,2.3,86.00,88.58,+2.580,+3.00
VE (TPS based/Rear Cyl),8,2,2250,5.0,110.90,107.58,-3.327,-3.00
VE (TPS based/Rear Cyl),8,3,2250,7.3,105.75,108.15,+2.402,+2.27
VE (TPS based/Rear Cyl),8,4,2250,10.0,120.50,116.89,-3.615,-3.00
VE (TPS based/Rear Cyl),8,5,2250,15.0,121.00,118.79,-2.212,-1.83
VE (TPS based/Rear Cyl),8,6,2250,20.0,117.50,114.84,-2.660,-2.26
VE (TPS based/Rear Cyl),8,7,2250,25.0,110.50,108.92,-1.580,-1.43
VE (TPS based/Rear Cyl),8,9,2250,40.0,100.65,99.24,-1.411,-1.40
VE (TPS based/Rear Cyl),8,10,2250,60.0,100.10,97.10,-3.003,-3.00
VE (TPS based/Rear Cyl),9,0,2500,0.0,85.00,85.70,+0.700,+0.82
VE (TPS based/Rear Cyl),9,1,2500,2.3,86.00,88.58,+2.580,+3.00
VE (TPS based/Rear Cyl),9,2,2500,5.0,105.00,101.97,-3.031,-2.89
VE (TPS based/Rear Cyl),9,3,2500,7.3,99.00,101.97,+2.970,+3.00
VE (TPS based/Rear Cyl),9,5,2500,15.0,120.16,118.12,-2.050,-1.71
VE (TPS based/Rear Cyl),9,6,2500,20.0,116.00,114.84,-1.158,-1.00
VE (TPS based/Rear Cyl),9,7,2500,25.0,108.00,107.17,-0.827,-0.77
VE (TPS based/Rear Cyl),9,8,2500,30.0,101.50,100.30,-1.197,-1.18
VE (TPS based/Rear Cyl),9,9,2500,40.0,87.50,90.12,+2.625,+3.00
VE (TPS based/Rear Cyl),9,10,2500,60.0,85.50,88.06,+2.565,+3.00
VE (TPS based/Rear Cyl),10,0,2750,0.0,87.00,87.70,+0.700,+0.80
VE (TPS based/Rear Cyl),10,1,2750,2.3,88.50,90.76,+2.263,+2.56
VE (TPS based/Rear Cyl),10,2,2750,5.0,106.00,102.82,-3.180,-3.00
VE (TPS based/Rear Cyl),10,3,2750,7.3,109.36,106.27,-3.088,-2.82
VE (TPS based/Rear Cyl),10,4,2750,10.0,105.56,107.66,+2.101,+1.99
VE (TPS based/Rear Cyl),10,5,2750,15.0,122.29,118.62,-3.669,-3.00
VE (TPS based/Rear Cyl),10,7,2750,25.0,98.51,101.47,+2.955,+3.00
VE (TPS based/Rear Cyl),10,8,2750,30.0,92.25,95.02,+2.767,+3.00
VE (TPS based/Rear Cyl),11,0,3000,0.0,91.00,91.85,+0.850,+0.93
VE (TPS based/Rear Cyl),11,1,3000,2.3,91.50,93.71,+2.206,+2.41
VE (TPS based/Rear Cyl),11,2,3000,5.0,92.70,95.48,+2.781,+3.00
VE (TPS based/Rear Cyl),11,3,3000,7.3,97.31,100.23,+2.919,+3.00
VE (TPS based/Rear Cyl),11,4,3000,10.0,105.69,108.86,+3.171,+3.00
VE (TPS based/Rear Cyl),11,5,3000,15.0,110.09,113.25,+3.161,+2.87
VE (TPS based/Rear Cyl),11,9,3000,40.0,100.00,99.11,-0.885,-0.89
VE (TPS based/Rear Cyl),11,10,3000,60.0,85.67,88.24,+2.570,+3.00
VE (TPS based/Rear Cyl),12,0,3500,0.0,100.50,98.10,-2.400,-2.39
VE (TPS based/Rear Cyl),12,1,3500,2.3,96.00,97.10,+1.099,+1.14
VE (TPS based/Rear Cyl),12,2,3500,5.0,105.60,102.75,-2.845,-2.69
VE (TPS based/Rear Cyl),12,3,3500,7.3,109.88,108.28,-1.597,-1.45
VE (TPS based/Rear Cyl),12,5,3500,15.0,127.50,124.05,-3.452,-2.71
VE (TPS based/Rear Cyl),12,7,3500,25.0,127.42,123.60,-3.823,-3.00
VE (TPS based/Rear Cyl),12,9,3500,40.0,103.25,104.86,+1.610,+1.56
VE (TPS based/Rear Cyl),12,10,3500,60.0,102.24,101.27,-0.970,-0.95
VE (TPS based/Rear Cyl),13,0,4000,0.0,101.50,100.60,-0.900,-0.89
VE (TPS based/Rear Cyl),13,1,4000,2.3,98.50,100.48,+1.982,+2.01
VE (TPS based/Rear Cyl),13,4,4000,10.0,122.51,120.79,-1.721,-1.40
VE (TPS based/Rear Cyl),13,5,4000,15.0,140.25,136.04,-4.208,-3.00
VE (TPS based/Rear Cyl),13,6,4000,20.0,127.50,129.46,+1.959,+1.54
VE (TPS based/Rear Cyl),13,7,4000,25.0,131.77,129.08,-2.689,-2.04
VE (TPS based/Rear Cyl),14,1,4500,2.3,101.00,102.10,+1.101,+1.09
VE (TPS based/Rear Cyl),14,2,4500,5.0,108.34,106.08,-2.260,-2.09
VE (TPS based/Rear Cyl),14,3,4500,7.3,105.64,107.39,+1.750,+1.66
VE (TPS based/Rear Cyl),14,4,4500,10.0,112.40,115.34,+2.942,+2.62
VE (TPS based/Rear Cyl),14,5,4500,15.0,131.45,128.39,-3.057,-2.33
VE (TPS based/Rear Cyl),14,6,4500,20.0,140.25,136.04,-4.208,-3.00
VE (TPS based/Rear Cyl),14,8,4500,30.0,126.10,124.63,-1.474,-1.17
VE (TPS based/Rear Cyl),14,9,4500,40.0,119.00,118.02,-0.983,-0.83
VE (TPS based/Rear Cyl),14,10,4500,60.0,114.81,112.38,-2.422,-2.11
VE (TPS based/Rear Cyl),15,3,5000,7.3,105.00,105.99,+0.992,+0.94
VE (TPS based/Rear Cyl),15,4,5000,10.0,108.00,110.95,+2.954,+2.74
VE (TPS based/Rear Cyl),15,5,5000,15.0,124.28,122.99,-1.290,-1.04
VE (TPS based/Rear Cyl),15,8,5000,30.0,126.00,125.02,-0.977,-0.78
VE (TPS based/Rear Cyl),15,9,5000,40.0,118.00,119.11,+1.107,+0.94
VE (TPS based/Rear Cyl),15,10,5000,60.0,107.00,110.21,+3.210,+3.00
