Time, (DWRT ATMO) Humidity, (DWRT ATMO) Pressure, (DWRT ATMO) Temperature 1, (DWRT ATMO) Temperature 2, (DWRT CPU) ????????????????????????????????????????????????????????????????, (DWRT CPU) Acceleration, (DWRT CPU) Correction Factor, (DWRT CPU) Distance, (DWRT CPU) Distance 1, (DWRT CPU) Engine RPM, (DWRT CPU) Force, (DWRT CPU) Force 1, (DWRT CPU) Force Drum 1, (DWRT CPU) Gear Ratio, (DWRT CPU) Inductive 1 Signal Strength, (DWRT CPU) Internal Temp 1, (DWRT CPU) Internal Temp 2, (DWRT CPU) LC1 Volts Petrol AFR, (DWRT CPU) LC2 Volts Petrol AFR2, (DWRT CPU) Link 0 Status, (DWRT CPU) Link 1 Status, (DWRT CPU) Power, (DWRT CPU) Power (uncorrected), (DWRT CPU) Power Drum 1, (DWRT CPU) Power Drum 1 (uncorrected), (DWRT CPU) Sampling, (DWRT CPU) Speed, (DWRT CPU) Speed 1, (DWRT CPU) TCP RX kB/s, (DWRT CPU) TCP TX kB/s, (DWRT CPU) Torque, (DWRT CPU) Torque (uncorrected), (DWRT CPU) Torque Drum 1, (DWRT CPU) Torque Drum 1 (uncorrected), (DWRT CPU) UDP RX kB/s, (DWRT CPU) User Analog 1, (DWRT CPU) User Analog 2, (DWRT CPU) User Analog 3, (DWRT CPU) User Analog 4, (Gen) Sampling, (Gen) Sampling Duration, (Harley - ECU Type 14 SW Level 141) Accel Enrichment, (Harley - ECU Type 14 SW Level 141) Decel Enleanment, (Harley - ECU Type 14 SW Level 141) Desired Air/Fuel, (Harley - ECU Type 14 SW Level 141) Engine Speed, (Harley - ECU Type 14 SW Level 141) Engine Temperature, (Harley - ECU Type 14 SW Level 141) Front Adaptive Fuel Factor, (Harley - ECU Type 14 SW Level 141) Front Closed Loop Integrator, (Harley - ECU Type 14 SW Level 141) Front Spark Knock Retard, (Harley - ECU Type 14 SW Level 141) Idle Air Control Motor Position, (Harley - ECU Type 14 SW Level 141) Injector Time Front, (Harley - ECU Type 14 SW Level 141) Injector Time Rear, (Harley - ECU Type 14 SW Level 141) Intake Air Temperature, (Harley - ECU Type 14 SW Level 141) Manifold Absolute Pressure, (Harley - ECU Type 14 SW Level 141) Rear Adaptive Fuel Factor, (Harley - ECU Type 14 SW Level 141) Rear Closed Loop Integrator, (Harley - ECU Type 14 SW Level 141) Rear Spark Knock Retard, (Harley - ECU Type 14 SW Level 141) Spark Advance Front, (Harley - ECU Type 14 SW Level 141) Spark Advance Rear, (Harley - ECU Type 14 SW Level 141) Throttle Position, (Harley - ECU Type 14 SW Level 141) Throttle Position Sensor Voltage, (Harley - ECU Type 14 SW Level 141) VE Front, (Harley - ECU Type 14 SW Level 141) VE New Front, (Harley - ECU Type 14 SW Level 141) VE New Rear, (Harley - ECU Type 14 SW Level 141) VE Rear, (Harley - ECU Type 14 SW Level 141) Vehicle Speed, (Harley - ECU Type 14 SW Level 141) WBO2 AFR Front, (Harley - ECU Type 14 SW Level 141) WBO2 AFR Rear, (PV) Accel Enrichment, (PV) AT Lambda 1, (PV) AT Lambda 2, (PV) Battery Voltage, (PV) Decel Enleanment, (PV) Desired Air/Fuel, (PV) Desired Lambda, (PV) Engine Speed, (PV) Engine Temperature, (PV) Front Adaptive Fuel Factor, (PV) Front Closed Loop Integrator, (PV) Front Spark Knock Retard, (PV) Idle Air Control Motor Position, (PV) Idle Set Speed, (PV) Injector Time Front, (PV) Injector Time Rear, (PV) Intake Air Temperature, (PV) Manifold Absolute Pressure, (PV) Rear Adaptive Fuel Factor, (PV) Rear Closed Loop Integrator, (PV) Rear Spark Knock Retard, (PV) Software Level, (PV) Spark Advance Front, (PV) Spark Advance Rear, (PV) Throttle Position, (PV) Throttle Position Sensor, (PV) Twistgrip Position, (PV) VE Front, (PV) VE New Front, (PV) VE New Rear, (PV) VE Rear, (PV) Vehicle Speed, (PV) Warm-up Fuel AFR (Lambda), (PV) Warm-up Fuel AFR (Ratio), (PV) WBO2 AFR Front, (PV) WBO2 AFR Rear, 
0, , , , , , 1.453, , , , , 36.4, 36.4, 36.4, , , , , , , , , , , , , , , , , , , , , , , , , , , , , , , , , , , , , , , , , , , , , , , , , , , , , , , , , , , , , , , , , , , , , , , , , , , , , , , , , , , , , , , , , , , , 
0.05, , , , , , 1.697, , , , , 42.185, 42.185, 42.185, , , , , , , , , , , , , , 48.826, 48.826, , , , , , , , , , , , 1, 0.006, , , , , , , , , , , , , , , , , , , , , , , , , , , , , , , , , , , , , , , , , , , , , , , , , , , , , , , , , , , , , , , , 
0.1, , , , , , 4.086, , 7.288, 7.288, , 98.866, 98.866, 98.866, , , , , 7.38, 22.39, , , 14.954, 15.243, 14.954, 15.243, , 48.981, 48.981, , , , , , , , 7.38, 22.39, , , 1, 0.08, , , , , , , , , , , , , , , , , , , , , , , , , , , , , , , , , , , , , , , , , , , , , , , , , , , , , , , , , , , , , , , , 
0.15, 18.559, , , 70.92, , 6.746, , 13.723, 13.723, , 161.976, 161.976, 161.976, , , 35.57, 35.09, 7.378, 22.39, 0, 0, 24.764, 25.242, 24.764, 25.242, 1, 49.642, 49.642, , , , , , , , 7.378, 22.39, , , 1, 0.156, , , , , , , , , , , , , , , , , , , , , , , , , , , , , , , , , , , , , , , , , , , , , , , , , , , , , , , , , , , , , , , , 
0.2, 18.558, , , 70.921, , 8.685, , 19.118, 19.118, , 208.003, 208.003, 208.003, , , 35.534, 35.126, 7.377, 22.372, 0, 0, 30.867, 31.463, 30.867, 31.463, 1, 50.523, 50.523, , , , , , , , 7.377, 22.372, , , 1, 0.231, , , , , , , , , , , , , , , , , , , , , , , , , , , , , , , , , , , , , , , , , , , , , , , , , , , , , , , , , , , , , , , , 
0.25, 18.557, , , 70.921, , 12.897, , 24.59, 24.59, , 307.95, 307.95, 307.95, , , 35.498, 35.162, 7.377, 22.239, 0, 0, 41.918, 42.727, 41.918, 42.727, 1, 51.355, 51.355, 0.025, 0.034, , , , , 4.724, 7.377, 22.239, , , 1, 0.304, , , , , , , , , , , , , , , , , , , , , , , , , , , , , , , , , , , , , , , , , , , , , , , , , , , , , , , , , , , , , , , , 
0.3, 18.556, , , 70.921, , 13.745, , 28.697, 28.697, , 328.086, 328.086, 328.086, , , 35.462, 35.198, 7.377, 22.113, 0, 0, 44.667, 45.529, 44.667, 45.529, 1, 52.087, 52.087, 0.025, 0.034, , , , , 4.757, 7.377, 22.113, , , 1, 0.354, , , , , , , , , , , , , , , , , , , , , , , , , , , , , , , , , , , , , , , , , , , , , , , , , , , , , , , , , , , , , , , , 
0.35, 18.555, , , 70.922, , 13.807, , 33.518, 33.518, , 329.56, 329.56, 329.56, , , 35.426, 35.234, 7.378, 22.029, 0, 0, 45.606, 46.485, 45.606, 46.485, 1, 53.095, 53.095, 0.025, 0.034, 908.507, 926.038, 908.507, 926.038, 4.789, 7.378, 22.029, , , 1, 0.405, , , , , , , , , , , , , , , , , , , , , , , , , , , , , , , , , , , , , , , , , , , , , , , , , , , , , , , , , , , , , , , , 
0.4, 18.553, , , 70.922, , 13.841, , 38.584, 38.584, , 330.393, 330.393, 330.393, , , 35.269, 35.27, 7.378, 21.955, 0, 0, 46.498, 47.392, 46.498, 47.392, 1, 53.779, 53.779, 0.025, 0.034, 615.948, 627.833, 615.948, 627.833, 4.822, 7.378, 21.955, , , 1, 0.454, , , , , , , , , , , , , , , , , , , , , , , , , , , , , , , , , , , , , , , , , , , , , , , , , , , , , , , , , , , , , , , , 
0.45, 18.552, , , 70.923, , 13.899, , 42.419, 42.419, , 331.774, 331.774, 331.774, , , 35.089, 35.306, 7.379, 21.967, 0, 0, 47.273, 48.18, 47.273, 48.18, 1, 54.454, 54.454, 0.025, 0.034, 535.693, 546.028, 535.693, 546.028, 4.854, 7.379, 21.967, , , 1, 0.504, , , , , , , , , , , , , , , , , , , , , , , , , , , , , , , , , , , , , , , , , , , , , , , , , , , , , , , , , , , , , , , , 
0.5, 18.551, , , 70.923, , 13.958, , 46.311, 46.311, 0.193, 333.2, 333.2, 333.2, 4.652, 84.951, 34.909, 35.342, 7.379, 21.986, 0, 0, 48.063, 48.986, 48.063, 48.986, 1, 55.13, 55.13, 0.025, 0.034, 477.568, 486.781, 477.568, 486.781, 4.844, 7.379, 21.986, , , 1, 0.554, 0.011, 0, 14.405, 2.569, 192, 0, 0, 0, 62.943, 4.498, 4.504, 116.6, 36.466, 100, 0, 0, 34.179, 34.243, 10.476, 0.936, 96.22, 0, 0, 104.983, 52.979, 0, 0, 0.011, 0, 0, 14.095, 0, 14.405, 0, 2.569, 192, 0, 0, 0, 62.943, 1, 0.004, 0.004, 116.6, 36.466, 100, 0, 0, 141, 34.179, 34.243, 10.476, 0.936, 0, 96.22, 0, 0, 104.983, 52.979, 0, 0, 0, 0, 
0.55, 18.55, , , 70.923, , 14.004, , 50.262, 50.262, 0.441, 334.315, 334.315, 334.315, 11.279, 81.041, 34.729, 35.378, 7.38, 22.07, 0, 0, 48.824, 49.762, 48.824, 49.762, 1, 55.806, 55.806, 0.025, 0.034, 324.794, 331.058, 324.794, 331.058, 4.832, 7.38, 22.07, , , 1, 0.604, 0.069, 0, 13.929, 2.637, 192, 0, 0, 0, 68.181, 7.041, 7.195, 116.6, 52.894, 100, 0, 0, 32.393, 32.814, 32.857, 1.805, 94.665, 0, 0, 102.112, 53.865, 0, 0, 0.069, 0, 0, 14.071, 0, 13.929, 0, 2.637, 192, 0, 0, 0, 68.181, 1, 0.007, 0.007, 116.6, 52.894, 100, 0, 0, 141, 32.393, 32.814, 32.857, 1.805, 0, 94.665, 0, 0, 102.112, 53.865, 0, 0, 0, 0, 
0.6, 18.549, , , 70.924, , 14.079, , 54.269, 54.269, 0.689, 336.108, 336.108, 336.108, 17.668, 77.132, 34.549, 35.414, 7.38, 22.153, 0, 0, 49.686, 50.641, 49.686, 50.641, 1, 56.494, 56.494, 0.025, 0.034, 237.221, 241.796, 237.221, 241.796, 4.819, 7.38, 22.153, , , 1, 0.654, 0.126, 0, 13.452, 2.704, 192, 0, 0, 0, 73.419, 9.583, 9.885, 116.6, 69.323, 100, 0, 0, 30.607, 31.386, 55.238, 2.675, 93.11, 0, 0, 99.242, 54.751, 0, 0, 0.126, 0, 0, 14.048, 0, 13.452, 0, 2.704, 192, 0, 0, 0, 73.419, 1, 0.01, 0.01, 116.6, 69.323, 100, 0, 0, 141, 30.607, 31.386, 55.238, 2.675, 0, 93.11, 0, 0, 99.242, 54.751, 0, 0, 0, 0, 
0.65, 18.548, , , 70.924, , 14.153, , 58.295, 58.295, 0.937, 337.858, 337.858, 337.858, 23.704, 73.223, 34.52, 35.36, 7.38, 22.237, 0, 0, 50.555, 51.526, 50.555, 51.526, 1, 57.176, 57.176, 0.025, 0.034, 192.839, 196.557, 192.839, 196.557, 4.807, 7.38, 22.237, , , 1, 0.704, 0.183, 0, 12.976, 2.772, 192, 0, 0, 0, 78.657, 12.126, 12.576, 116.6, 85.751, 100, 0, 0, 28.821, 29.957, 77.619, 3.544, 91.555, 0, 0, 96.371, 55.637, 0, 0, 0.183, 0, 0, 14.024, 0, 12.976, 0, 2.772, 192, 0, 0, 0, 78.657, 1, 0.012, 0.012, 116.6, 85.751, 100, 0, 0, 141, 28.821, 29.957, 77.619, 3.544, 0, 91.555, 0, 0, 96.371, 55.637, 0, 0, 0, 0, 
0.7, 18.547, , , 70.924, , 14.208, , 62.379, 62.379, 1.185, 339.178, 339.178, 339.178, 29.47, 69.313, 34.52, 35.288, 7.379, 22.319, 0, 0, 51.364, 52.353, 51.364, 52.353, 1, 57.864, 57.864, 0.025, 0.034, 164.241, 167.407, 164.241, 167.407, 4.801, 7.379, 22.319, , , 1, 0.755, 0.24, 0, 12.5, 2.839, 192, 0, 0, 0, 83.895, 14.669, 15.266, 116.6, 102.18, 100, 0, 0, 27.036, 28.529, 100, 4.413, 90, 0, 0, 93.5, 56.522, 0, 0, 0.24, 0, 0, 14, 0, 12.5, 0, 2.839, 192, 0, 0, 0, 83.895, 1, 0.015, 0.015, 116.6, 102.18, 100, 0, 0, 141, 27.036, 28.529, 100, 4.413, 0, 90, 0, 0, 93.5, 56.522, 0, 0, 0, 0, 
0.75, 18.545, , , 70.925, , 14.267, , 66.548, 66.548, 1.433, 340.605, 340.605, 340.605, 33.542, 65.404, 34.52, 35.216, 7.379, 22.352, 0, 0, 52.19, 53.196, 52.19, 53.196, 1, 58.556, 58.556, 0.025, 0.034, 144.358, 147.142, 144.358, 147.142, 4.797, 7.379, 22.352, , , 1, 0.804, 0.19, 0, 12.5, 2.894, 192, 0, 0, 0, 84, 14.706, 15.286, 116.232, 102.296, 100, 0, 0, 27.153, 28.602, 100, 4.428, 90.363, 0, 0, 93.915, 57.619, 0, 0, 0.19, 0, 0, 14, 0, 12.5, 0, 2.894, 192, 0, 0, 0, 84, 1, 0.015, 0.015, 116.232, 102.296, 100, 0, 0, 141, 27.153, 28.602, 100, 4.428, 0, 90.363, 0, 0, 93.915, 57.619, 0, 0, 0, 0, 
0.8, 18.544, , , 70.925, , 14.36, , 70.73, 70.73, 1.681, 342.826, 342.826, 342.826, 37.109, 61.494, 34.52, 35.144, 7.378, 22.385, 0, 0, 53.153, 54.177, 53.153, 54.177, 1, 59.257, 59.257, 0.025, 0.034, 129.906, 132.413, 129.906, 132.413, 4.794, 7.378, 22.385, , , 1, 0.855, 0.14, 0, 12.5, 2.948, 192, 0, 0, 0, 84, 14.691, 15.252, 115.858, 102.411, 100, 0, 0, 27.309, 28.706, 100, 4.426, 90.726, 0, 0, 94.33, 58.72, 0, 0, 0.14, 0, 0, 14, 0, 12.5, 0, 2.948, 192, 0, 0, 0, 84, 1, 0.015, 0.015, 115.858, 102.411, 100, 0, 0, 141, 27.309, 28.706, 100, 4.426, 0, 90.726, 0, 0, 94.33, 58.72, 0, 0, 0, 0, 
0.85, 18.543, , , 70.926, , 14.427, , 74.98, 74.98, 1.929, 344.436, 344.436, 344.436, 39.974, 57.585, 34.52, 35.072, 7.378, 22.37, 0, 0, 54.033, 55.074, 54.033, 55.074, 1, 59.957, 59.957, 0.025, 0.034, 119.568, 121.875, 119.568, 121.875, 4.79, 7.378, 22.37, , , 1, 0.905, 0.091, 0, 12.5, 3.003, 192, 0, 0, 0, 84, 14.677, 15.218, 115.482, 102.527, 100, 0, 0, 27.466, 28.81, 100, 4.424, 91.089, 0, 0, 94.745, 59.821, 0, 0, 0.091, 0, 0, 14, 0, 12.5, 0, 3.003, 192, 0, 0, 0, 84, 1, 0.015, 0.015, 115.482, 102.527, 100, 0, 0, 141, 27.466, 28.81, 100, 4.424, 0, 91.089, 0, 0, 94.745, 59.821, 0, 0, 0, 0, 
0.9, 18.542, , , 70.926, , 14.494, , 79.304, 79.304, 2.177, 346.036, 346.036, 346.036, 41.863, 53.676, 34.671, 35.332, 7.377, 22.355, 0, 0, 54.92, 55.98, 54.92, 55.98, 1, 60.658, 60.658, 0.025, 0.034, 113.735, 115.929, 113.735, 115.929, 4.802, 7.377, 22.355, , , 1, 0.954, 0.041, 0, 12.5, 3.058, 192, 0, 0, 0, 84, 14.662, 15.183, 115.108, 102.642, 100, 0, 0, 27.622, 28.915, 100, 4.422, 91.452, 0, 0, 95.16, 60.922, 0, 0, 0.041, 0, 0, 14, 0, 12.5, 0, 3.058, 192, 0, 0, 0, 84, 1, 0.015, 0.015, 115.108, 102.642, 100, 0, 0, 141, 27.622, 28.915, 100, 4.422, 0, 91.452, 0, 0, 95.16, 60.922, 0, 0, 0, 0, 
0.95, 18.541, , , 70.926, , 14.594, , 83.708, 83.708, 2.425, 348.426, 348.426, 348.426, 42.709, 49.766, 34.851, 35.656, 7.377, 22.333, 0, 0, 55.961, 57.039, 55.961, 57.039, 1, 61.367, 61.367, 0.025, 0.034, 111.996, 114.157, 111.996, 114.157, 4.832, 7.377, 22.333, , , 1, 1.005, 0, 0, 12.5, 3.106, 192, 0, 0, 0, 84, 14.646, 15.15, 114.8, 102.743, 100, 0, 0, 27.76, 29, 100, 4.42, 91.74, 0, 0, 95.48, 61.959, 0, 0, 0, 0, 0, 14, 0, 12.5, 0, 3.106, 192, 0, 0, 0, 84, 1, 0.015, 0.015, 114.8, 102.735, 100, 0, 0, 141, 27.76, 29, 100, 4.42, 0, 91.74, 0, 0, 95.48, 61.959, 0, 0, 0, 0, 
1, 18.54, 100.44, 70.25, 70.927, , 14.705, 0.981, 88.114, 88.114, 2.673, 351.072, 351.072, 351.072, 42.493, 45.857, 35.031, 35.98, 7.377, 22.311, 0, 0, 57.04, 58.139, 57.04, 58.139, 1, 62.086, 62.086, 0.025, 0.034, 113.65, 115.843, 113.65, 115.843, 4.862, 7.377, 22.311, , , 1, 1.054, 0, 0, 12.5, 3.126, 192, 0, 0, 0, 84, 14.623, 15.124, 114.8, 102.783, 100, 0, 0, 27.814, 29, 100, 4.42, 91.686, 0, 0, 95.371, 62.702, 0, 0, 0, 0, 0, 14, 0, 12.5, 0, 3.126, 192, 0, 0, 0, 84, 1, 0.015, 0.015, 114.8, 102.735, 100, 0, 0, 141, 27.814, 29, 100, 4.42, 0, 91.686, 0, 0, 95.371, 62.702, 0, 0, 0, 0, 
1.05, 18.539, 100.44, 70.25, 70.927, , 14.799, 0.981, 92.592, 92.592, 2.782, 353.326, 353.326, 353.326, 41.27, 55.545, 35.211, 36.304, 7.377, 22.261, 0, 0, 58.077, 59.197, 58.077, 59.197, 1, 62.811, 62.811, 0.025, 0.034, 118.283, 120.566, 118.283, 120.566, 4.891, 7.377, 22.261, , , 1, 1.104, 0, 0, 12.5, 3.147, 192, 0, 0, 0, 84, 14.6, 15.098, 114.8, 102.823, 100, 0, 0, 27.869, 29, 100, 4.42, 91.631, 0, 0, 95.262, 63.446, 0, 0, 0, 0, 0, 14, 0, 12.5, 0, 3.147, 192, 0, 0, 0, 84, 1, 0.015, 0.015, 114.8, 102.735, 100, 0, 0, 141, 27.869, 29, 100, 4.42, 0, 91.631, 0, 0, 95.262, 63.446, 0, 0, 0, 0, 
1.1, 18.537, 100.44, 70.25, 70.928, , 14.881, 0.981, 97.082, 97.082, 2.747, 355.291, 355.291, 355.291, 39.399, 59.286, 35.391, 36.628, 7.377, 22.21, 0, 0, 59.068, 60.208, 59.068, 60.208, 1, 63.535, 63.535, 0.025, 0.034, 124.706, 127.111, 124.706, 127.111, 4.927, 7.377, 22.21, , , 1, 1.154, 0, 0, 12.5, 3.168, 192, 0, 0, 0, 84, 14.577, 15.072, 114.8, 102.864, 100, 0, 0, 27.924, 29, 100, 4.42, 91.576, 0, 0, 95.153, 64.189, 0, 0, 0, 0, 0, 14, 0, 12.5, 0, 3.168, 192, 0, 0, 0, 84, 1, 0.015, 0.015, 114.8, 102.735, 100, 0, 0, 141, 27.924, 29, 100, 4.42, 0, 91.576, 0, 0, 95.153, 64.189, 0, 0, 0, 0, 
1.15, 18.536, 100.44, 70.25, 70.928, , 15.004, 0.981, 101.641, 101.641, 2.704, 358.21, 358.21, 358.21, 37.439, 60.02, 35.361, 36.414, 7.377, 22.181, 0, 0, 60.232, 61.395, 60.232, 61.395, 1, 64.266, 64.266, 0.025, 0.034, 132.299, 134.85, 132.299, 134.85, 4.982, 7.377, 22.181, , , 1, 1.204, 0, 0, 12.5, 3.189, 192, 0, 0, 0, 84, 14.555, 15.046, 114.8, 102.904, 100, 0, 0, 27.978, 29, 100, 4.42, 91.522, 0, 0, 95.044, 64.933, 0, 0, 0, 0, 0, 14, 0, 12.5, 0, 3.189, 192, 0, 0, 0, 84, 1, 0.015, 0.015, 114.8, 102.735, 100, 0, 0, 141, 27.978, 29, 100, 4.42, 0, 91.522, 0, 0, 95.044, 64.933, 0, 0, 0, 0, 
1.2, 18.535, 100.44, 70.25, 70.928, , 15.078, 0.981, 106.289, 106.289, 2.66, 359.999, 359.999, 359.999, 35.529, 60.754, 35.291, 36.098, 7.377, 22.155, 0, 0, 61.226, 62.409, 61.226, 62.409, 1, 64.998, 64.998, 0.025, 0.034, 140.207, 142.912, 140.207, 142.912, 5.037, 7.377, 22.155, , , 1, 1.254, 0, 0, 12.5, 3.231, 192, 0, 0, 0, 84, 14.553, 15.037, 114.464, 102.874, 100, 0, 0, 28.093, 29, 100, 4.419, 91.531, 0, 0, 94.969, 65.696, 0, 0, 0, 0, 0, 14, 0, 12.5, 0, 3.231, 192, 0, 0, 0, 84, 1, 0.015, 0.015, 114.464, 102.712, 100, 0, 0, 141, 28.093, 29, 100, 4.419, 0, 91.531, 0, 0, 94.969, 65.696, 0, 0, 0, 0, 
1.25, 18.534, 100.44, 70.25, 70.929, , 15.159, 0.981, 112.734, 112.734, 2.616, 361.933, 361.933, 361.933, 33.43, 61.488, 35.22, 35.781, 7.377, 22.141, 0, 0, 62.51, 63.718, 62.51, 63.718, 1, 65.828, 65.828, 0.025, 0.034, 152.288, 155.226, 152.288, 155.226, 5.092, 7.377, 22.141, , , 1, 1.305, 0, 0, 12.5, 3.288, 192, 0, 0, 0, 84, 14.566, 15.04, 113.904, 102.797, 100, 0, 0, 28.249, 29, 100, 4.417, 91.583, 0, 0, 94.917, 66.473, 0, 0, 0, 0, 0, 14, 0, 12.5, 0, 3.288, 192, 0, 0, 0, 84, 1, 0.015, 0.015, 113.904, 102.673, 100, 0, 0, 141, 28.249, 29, 100, 4.417, 0, 91.583, 0, 0, 94.917, 66.473, 0, 0, 0, 0, 
1.3, 18.533, 100.44, 70.25, 70.929, , 15.188, 0.981, 118.037, 118.037, 2.573, 362.659, 362.659, 362.659, 30.966, 62.222, 35.15, 35.465, 7.377, 22.129, 0, 0, 63.416, 64.64, 63.416, 64.64, 1, 66.833, 66.833, 0.025, 0.034, 162.612, 165.749, 162.612, 165.749, 5.148, 7.377, 22.129, , , 1, 1.354, 0, 0, 12.5, 3.344, 192, 0, 0, 0, 84, 14.58, 15.043, 113.344, 102.72, 100, 0, 0, 28.405, 29, 100, 4.415, 91.635, 0, 0, 94.865, 67.25, 0, 0, 0, 0, 0, 14, 0, 12.5, 0, 3.344, 192, 0, 0, 0, 84, 1, 0.015, 0.015, 113.344, 102.635, 100, 0, 0, 141, 28.405, 29, 100, 4.415, 0, 91.635, 0, 0, 94.865, 67.25, 0, 0, 0, 0, 
1.35, 18.532, 100.44, 70.25, 70.929, , 15.247, 0.981, 122.802, 122.802, 2.529, 364.064, 364.064, 364.064, 29.181, 62.955, 35.08, 35.149, 7.377, 22.177, 0, 0, 64.363, 65.604, 64.363, 65.604, 1, 67.579, 67.579, 0.025, 0.034, 173.181, 176.522, 173.181, 176.522, 5.173, 7.377, 22.177, , , 1, 1.404, 0, 0, 12.5, 3.401, 192, 0, 0, 0, 84, 14.593, 15.046, 112.783, 102.644, 100, 0, 0, 28.56, 29, 100, 4.413, 91.687, 0, 0, 94.813, 68.027, 0, 0, 0, 0, 0, 14, 0, 12.5, 0, 3.401, 192, 0, 0, 0, 84, 1, 0.015, 0.015, 112.783, 102.596, 100, 0, 0, 141, 28.56, 29, 100, 4.413, 0, 91.687, 0, 0, 94.813, 68.027, 0, 0, 0, 0, 
1.4, 18.531, 100.44, 70.25, 70.93, , 15.268, 0.981, 127.647, 127.647, 2.486, 364.592, 364.592, 364.592, 27.464, 63.689, 35.14, 35.087, 7.377, 22.23, 0, 0, 65.163, 66.421, 65.163, 66.421, 1, 68.314, 68.314, 0.025, 0.034, 184.48, 188.04, 184.48, 188.04, 5.198, 7.377, 22.23, , , 1, 1.454, 0, 0, 12.5, 3.458, 192, 0, 0, 0, 84, 14.607, 15.049, 112.223, 102.567, 100, 0, 0, 28.716, 29, 100, 4.41, 91.739, 0, 0, 94.761, 68.804, 0, 0, 0, 0, 0, 14, 0, 12.5, 0, 3.458, 192, 0, 0, 0, 84, 1, 0.015, 0.015, 112.223, 102.558, 100, 0, 0, 141, 28.716, 29, 100, 4.41, 0, 91.739, 0, 0, 94.761, 68.804, 0, 0, 0, 0, 
1.45, 18.53, 100.44, 70.25, 70.93, , 15.272, 0.981, 132.598, 132.598, 2.442, 364.695, 364.695, 364.695, 25.769, 64.423, 35.25, 35.123, 7.377, 22.273, 0, 0, 65.9, 67.17, 65.9, 67.17, 1, 69.058, 69.058, 0.025, 0.034, 196.933, 200.732, 196.933, 200.732, 5.223, 7.377, 22.273, , , 1, 1.504, 0, 0, 12.5, 3.487, 192, 0, 0, 0, 84, 14.632, 15.065, 111.947, 102.55, 100, 0, 0, 28.793, 29, 100, 4.41, 91.878, 0, 0, 94.793, 69.291, 0, 0, 0, 0, 0, 14, 0, 12.5, 0, 3.487, 192, 0, 0, 0, 84, 1, 0.015, 0.015, 111.947, 102.55, 100, 0, 0, 141, 28.793, 29, 100, 4.41, 0, 91.878, 0, 0, 94.793, 69.293, 0, 0, 0, 0, 
1.5, 18.53, 100.44, 70.25, 70.93, , 15.341, 0.981, 137.566, 137.566, 2.398, 366.345, 366.345, 366.345, 24.104, 65.157, 35.361, 35.16, 7.377, 22.315, 0, 0, 66.913, 68.202, 66.913, 68.202, 1, 69.804, 69.804, 0.025, 0.034, 211.612, 215.694, 211.612, 215.694, 5.248, 7.377, 22.315, , , 1, 1.554, 0, 0, 12.5, 3.508, 192, 0, 0, 0, 84, 14.661, 15.085, 111.75, 102.55, 100, 0, 0, 28.847, 29, 100, 4.41, 92.041, 0, 0, 94.847, 69.697, 0, 0, 0, 0, 0, 14, 0, 12.5, 0, 3.508, 192, 0, 0, 0, 84, 1, 0.015, 0.015, 111.75, 102.55, 100, 0, 0, 141, 28.847, 29, 100, 4.41, 0, 92.041, 0, 0, 94.847, 69.7, 0, 0, 0, 0, 
1.55, 18.53, 100.44, 70.25, 70.93, , 15.336, 0.981, 142.536, 142.536, 2.355, 366.25, 366.25, 366.25, 22.473, 65.89, 35.472, 35.197, 7.377, 22.35, 0, 0, 67.609, 68.911, 67.609, 68.911, 1, 70.553, 70.553, 0.025, 0.034, 227.034, 231.412, 227.034, 231.412, 5.268, 7.377, 22.35, , , 1, 1.605, 0, 0, 12.5, 3.53, 192, 0, 0, 0, 84, 14.689, 15.105, 111.554, 102.55, 100, 0, 0, 28.902, 29, 100, 4.41, 92.205, 0, 0, 94.902, 70.102, 0, 0, 0, 0, 0, 14, 0, 12.5, 0, 3.53, 192, 0, 0, 0, 84, 1, 0.015, 0.015, 111.554, 102.55, 100, 0, 0, 141, 28.902, 29, 100, 4.41, 0, 92.205, 0, 0, 94.902, 70.107, 0, 0, 0, 0, 
1.6, 18.53, 100.44, 70.25, 70.93, , 15.399, 0.981, 147.612, 147.612, 2.311, 367.766, 367.766, 367.766, 20.876, 66.624, 35.582, 35.234, 7.377, 22.385, 0, 0, 68.611, 69.934, 68.611, 69.934, 1, 71.302, 71.302, 0.025, 0.034, 245.81, 250.551, 245.81, 250.551, 5.285, 7.377, 22.385, , , 1, 1.654, 0, 0, 12.5, 3.552, 192, 0, 0, 0, 84, 14.717, 15.124, 111.357, 102.55, 100, 0, 0, 28.956, 29, 100, 4.41, 92.369, 0, 0, 94.956, 70.508, 0, 0, 0, 0, 0, 14, 0, 12.5, 0, 3.552, 192, 0, 0, 0, 84, 1, 0.015, 0.015, 111.357, 102.55, 100, 0, 0, 141, 28.956, 29, 100, 4.41, 0, 92.369, 0, 0, 94.956, 70.514, 0, 0, 0, 0, 
1.65, 18.53, 100.44, 70.25, 70.93, , 15.405, 0.981, 152.708, 152.708, 2.267, 367.93, 367.93, 367.93, 19.304, 67.358, 35.509, 34.998, 7.377, 22.373, 0, 0, 69.361, 70.699, 69.361, 70.699, 1, 72.058, 72.058, 0.025, 0.034, 266.178, 271.313, 266.178, 271.313, 5.303, 7.377, 22.373, , , 1, 1.704, 0, 0, 12.5, 3.577, 192, 0, 0, 0, 84, 14.764, 15.157, 111.2, 102.535, 100, 0, 0, 29.04, 29.02, 100, 4.41, 92.6, 0, 0, 95.08, 70.974, 0, 0, 0, 0, 0, 14, 0, 12.5, 0, 3.577, 192, 0, 0, 0, 84, 1, 0.015, 0.015, 111.2, 102.535, 100, 0, 0, 141, 29.04, 29.02, 100, 4.41, 0, 92.6, 0, 0, 95.08, 71.075, 0, 0, 0, 0, 
1.7, 18.53, 100.44, 70.25, 70.93, , 15.453, 0.981, 157.897, 157.897, 2.224, 369.102, 369.102, 369.102, 17.767, 68.092, 35.401, 34.71, 7.377, 22.353, 0, 0, 70.312, 71.668, 70.312, 71.668, 1, 72.813, 72.813, 0.025, 0.034, 290.77, 296.379, 290.77, 296.379, 5.32, 7.377, 22.353, , , 1, 1.754, 0, 0, 12.5, 3.617, 192, 0, 0, 0, 84, 14.886, 15.24, 111.2, 102.461, 100, 0, 0, 29.24, 29.12, 100, 4.41, 93.1, 0, 0, 95.48, 71.718, 0, 0, 0, 0, 0, 14, 0, 12.5, 0, 3.617, 192, 0, 0, 0, 84, 1, 0.015, 0.015, 111.2, 102.461, 100, 0, 0, 141, 29.24, 29.12, 100, 4.41, 0, 93.1, 0, 0, 95.48, 72.249, 0, 0, 0, 0, 
1.75, 18.53, 100.44, 70.25, 70.93, , 15.478, 0.981, 163.131, 163.131, 2.18, 369.7, 369.7, 369.7, 16.279, 68.826, 35.293, 34.422, 7.377, 22.334, 0, 0, 71.156, 72.528, 71.156, 72.528, 1, 73.562, 73.562, 0.025, 0.034, 318.911, 325.063, 318.911, 325.063, 5.344, 7.377, 22.334, , , 1, 1.804, 0, 0, 12.5, 3.656, 192, 0, 0, 0, 84, 15.007, 15.324, 111.2, 102.387, 100, 0, 0, 29.44, 29.22, 100, 4.41, 93.6, 0, 0, 95.88, 72.462, 0, 0, 0, 0, 0, 14, 0, 12.5, 0, 3.656, 192, 0, 0, 0, 84, 1, 0.015, 0.015, 111.2, 102.387, 100, 0, 0, 141, 29.44, 29.22, 100, 4.41, 0, 93.6, 0, 0, 95.88, 73.423, 0, 0, 0, 0, 
1.8, 18.53, 100.44, 70.25, 70.93, , 15.514, 0.981, 168.439, 168.439, 2.136, 370.583, 370.583, 370.583, 14.807, 69.559, 35.185, 34.134, 7.378, 22.314, 0, 0, 72.056, 73.447, 72.056, 73.447, 1, 74.321, 74.321, 0.025, 0.034, 352.285, 359.081, 352.285, 359.081, 5.377, 7.378, 22.314, , , 1, 1.854, 0, 0, 12.5, 3.696, 192, 0, 0, 0, 84, 15.129, 15.408, 111.2, 102.313, 100, 0, 0, 29.64, 29.32, 100, 4.41, 94.1, 0, 0, 96.28, 73.206, 0, 0, 0, 0, 0, 14, 0, 12.5, 0, 3.696, 192, 0, 0, 0, 84, 1, 0.015, 0.015, 111.2, 102.313, 100, 0, 0, 141, 29.64, 29.32, 100, 4.41, 0, 94.1, 0, 0, 96.28, 74.598, 0, 0, 0, 0, 
1.85, 18.53, 100.44, 70.25, 70.93, , 15.55, 0.981, 173.822, 173.822, 2.093, 371.459, 371.459, 371.459, 13.351, 70.293, 35.077, 33.846, 7.378, 22.294, 0, 0, 72.97, 74.377, 72.97, 74.377, 1, 75.09, 75.09, 0.025, 0.034, 392.926, 400.505, 392.926, 400.505, 5.41, 7.378, 22.294, , , 1, 1.904, 0, 0, 12.5, 3.735, 192, 0, 0, 0, 84, 15.25, 15.491, 111.2, 102.239, 100, 0, 0, 29.84, 29.42, 100, 4.41, 94.6, 0, 0, 96.68, 73.95, 0, 0, 0, 0, 0, 14, 0, 12.5, 0, 3.735, 192, 0, 0, 0, 84, 1, 0.015, 0.015, 111.2, 102.239, 100, 0, 0, 141, 29.84, 29.42, 100, 4.41, 0, 94.6, 0, 0, 96.68, 75.772, 0, 0, 0, 0, 
1.9, 18.53, 100.44, 70.25, 70.93, , 15.604, 0.981, 179.253, 179.253, 2.049, 372.761, 372.761, 372.761, 11.95, 71.027, 35.272, 33.921, 7.379, 22.274, 0, 0, 73.972, 75.398, 73.972, 75.398, 1, 75.842, 75.842, 0.025, 0.034, 443.145, 451.692, 443.145, 451.692, 5.442, 7.379, 22.274, , , 1, 1.954, 0, 0, 12.5, 3.78, 192, 0, 0, 0, 83.979, 15.363, 15.571, 111.088, 102.165, 100, 0, 0, 30.031, 29.531, 100, 4.41, 95.176, 0, 0, 97.135, 74.792, 0, 0, 0, 0, 0, 13.998, 0, 12.5, 0, 3.78, 192, 0, 0, 0, 83.979, 1, 0.015, 0.016, 111.088, 102.165, 100, 0, 0, 141, 30.031, 29.531, 100, 4.41, 0, 95.176, 0, 0, 97.135, 76.886, 0, 0, 0, 0, 
1.95, 18.53, 100.44, 70.25, 70.93, , 15.642, 0.981, 184.688, 184.688, 2.005, 373.68, 373.68, 373.68, 10.558, 71.761, 35.524, 34.065, 7.38, 22.285, 0, 0, 74.898, 76.343, 74.898, 76.343, 1, 76.609, 76.609, 0.025, 0.034, 505.519, 515.27, 505.519, 515.27, 5.473, 7.38, 22.285, , , 1, 2.004, 0, 0, 12.5, 3.843, 192, 0, 0, 0, 83.876, 15.434, 15.631, 110.528, 102.088, 100, 0, 0, 30.187, 29.687, 100, 4.412, 96.058, 0, 0, 97.809, 76.082, 0, 0, 0, 0, 0, 13.988, 0, 12.5, 0, 3.843, 192, 0, 0, 0, 83.876, 1, 0.015, 0.016, 110.528, 102.088, 100, 0, 0, 141, 30.187, 29.687, 100, 4.412, 0, 96.058, 0, 0, 97.809, 77.728, 0, 0, 0, 0, 
2, 18.53, 100.44, 70.25, 70.93, , 15.673, 0.981, 190.248, 190.248, 1.962, 374.447, 374.447, 374.447, 9.187, 72.495, 35.776, 34.209, 7.382, 22.305, 0, 0, 75.805, 77.267, 75.805, 77.267, 1, 77.381, 77.381, 0.025, 0.034, 589.022, 600.385, 589.022, 600.385, 5.5, 7.382, 22.305, , , 1, 2.055, 0, 0, 12.5, 3.906, 192, 0, 0, 0, 83.772, 15.504, 15.692, 109.968, 102.011, 100, 0, 0, 30.342, 29.842, 100, 4.415, 96.94, 0, 0, 98.483, 77.371, 0, 0, 0, 0, 0, 13.977, 0, 12.5, 0, 3.906, 192, 0, 0, 0, 83.772, 1, 0.015, 0.016, 109.968, 102.011, 100, 0, 0, 141, 30.342, 29.842, 100, 4.415, 0, 96.94, 0, 0, 98.483, 78.57, 0, 0, 0, 0, 
2.05, 18.53, 100.44, 70.25, 70.93, , 15.692, 0.981, 195.807, 195.807, 1.918, 374.904, 374.904, 374.904, 7.853, 73.228, 36.028, 34.353, 7.382, 22.324, 0, 0, 76.645, 78.121, 76.645, 78.121, 1, 78.146, 78.146, 0.025, 0.034, 701.008, 714.531, 701.008, 714.531, 5.528, 7.382, 22.324, , , 1, 2.104, 0, 0, 12.5, 3.97, 192, 0, 0, 0, 83.668, 15.575, 15.752, 109.407, 101.934, 100, 0, 0, 30.498, 29.998, 100, 4.417, 97.822, 0, 0, 99.158, 78.66, 0, 0, 0, 0, 0, 13.967, 0, 12.5, 0, 3.97, 192, 0, 0, 0, 83.668, 1, 0.016, 0.016, 109.407, 101.934, 100, 0, 0, 141, 30.498, 29.998, 100, 4.417, 0, 97.822, 0, 0, 99.158, 79.412, 0, 0, 0, 0, 
2.1, 18.53, 100.44, 70.25, 70.93, , 15.69, 0.981, 201.437, 201.437, 1.875, 374.886, 374.886, 374.886, 6.496, 73.962, 36.28, 34.497, 7.382, 22.344, 0, 0, 77.393, 78.885, 77.393, 78.885, 1, 78.942, 78.942, 0.025, 0.034, 863.031, 879.68, 863.031, 879.68, 5.555, 7.382, 22.344, , , 1, 2.154, 0, 0, 12.5, 4.033, 192, 0, 0, 0, 83.564, 15.646, 15.813, 108.847, 101.858, 100, 0, 0, 30.654, 30.154, 100, 4.419, 98.703, 0, 0, 99.832, 79.95, 0, 0, 0, 0, 0, 13.956, 0, 12.5, 0, 4.033, 192, 0, 0, 0, 83.564, 1, 0.016, 0.016, 108.847, 101.858, 100, 0, 0, 141, 30.654, 30.154, 100, 4.419, 0, 98.703, 0, 0, 99.832, 80.253, 0, 0, 0, 0, 
2.15, 18.53, 100.44, 70.25, 70.93, , 15.731, 0.981, 209.125, 209.125, 1.831, 375.894, 375.894, 375.894, 4.767, 74.696, 36.169, 34.55, 7.382, 22.364, 0, 0, 78.628, 80.143, 78.628, 80.143, 1, 79.99, 79.99, 0.025, 0.034, 1382.668, 1409.342, 1382.668, 1409.342, 5.582, 7.382, 22.364, , , 1, 2.205, 0, 0, 12.5, 4.081, 192, 0, 0, 0, 83.457, 15.701, 15.861, 108.422, 101.778, 100, 0, 0, 30.772, 30.272, 100, 4.419, 99.358, 0, 0, 100.358, 80.929, 0, 0, 0, 0, 0, 13.946, 0, 12.5, 0, 4.081, 192, 0, 0, 0, 83.457, 1, 0.016, 0.016, 108.422, 101.778, 100, 0, 0, 141, 30.772, 30.272, 100, 4.419, 0, 99.358, 0, 0, 100.358, 80.937, 0, 0, 0, 0, 
2.2, 18.53, 100.44, 70.25, 70.93, , 15.735, 0.981, 215.17, 215.17, 1.787, 376.008, 376.008, 376.008, 3.517, 75.43, 35.989, 34.586, 7.382, 22.384, 0, 0, 79.446, 80.978, 79.446, 80.978, 1, 80.761, 80.761, 0.025, 0.034, 2481.311, 2529.179, 2481.311, 2529.179, 5.602, 7.382, 22.384, , , 1, 2.254, 0, 0, 12.5, 4.104, 192, 0, 0, 0, 83.342, 15.731, 15.891, 108.216, 101.693, 100, 0, 0, 30.829, 30.329, 100, 4.417, 99.644, 0, 0, 100.644, 81.357, 0, 0, 0, 0, 0, 13.934, 0, 12.5, 0, 4.104, 192, 0, 0, 0, 83.342, 1, 0.016, 0.016, 108.216, 101.693, 100, 0, 0, 141, 30.829, 30.329, 100, 4.417, 0, 99.644, 0, 0, 100.644, 81.363, 0, 0, 0, 0, 
2.25, 18.53, 100.44, 70.25, 70.93, , 15.779, 0.981, 221.008, 221.008, 1.744, 377.068, 377.068, 377.068, 3.018, 76.163, 35.809, 34.622, 7.381, 22.39, 0, 0, 80.433, 81.985, 80.433, 81.985, 1, 81.529, 81.529, 0.025, 0.034, 2709.99, 2762.267, 2709.99, 2762.267, 5.622, 7.381, 22.39, , , 1, 2.304, 0, 0, 12.5, 4.126, 192, 0, 0, 0, 83.228, 15.761, 15.921, 108.011, 101.609, 100, 0, 0, 30.886, 30.386, 100, 4.415, 99.929, 0, 0, 100.929, 81.784, 0, 0, 0, 0, 0, 13.923, 0, 12.5, 0, 4.126, 192, 0, 0, 0, 83.228, 1, 0.016, 0.016, 108.011, 101.609, 100, 0, 0, 141, 30.886, 30.386, 100, 4.415, 0, 99.929, 0, 0, 100.929, 81.788, 0, 0, 0, 0, 
2.3, 18.53, 100.44, 70.25, 70.93, , 15.826, 0.981, 226.914, 226.914, 1.7, 378.206, 378.206, 378.206, 4.18, 76.897, 35.629, 34.658, 7.38, 22.39, 0, 0, 81.443, 83.016, 81.443, 83.016, 1, 82.298, 82.298, 0.025, 0.034, 2612.12, 2662.508, 2612.12, 2662.508, 5.643, 7.38, 22.39, , , 1, 2.354, 0, 0, 12.5, 4.149, 192, 0, 0, 0, 83.114, 15.79, 15.95, 107.805, 101.524, 100, 0, 0, 30.943, 30.443, 100, 4.412, 100.215, 0, 0, 101.215, 82.212, 0, 0, 0, 0, 0, 13.911, 0, 12.5, 0, 4.149, 192, 0, 0, 0, 83.114, 1, 0.016, 0.016, 107.805, 101.524, 100, 0, 0, 141, 30.943, 30.443, 100, 4.412, 0, 100.215, 0, 0, 101.215, 82.214, 0, 0, 0, 0, 
2.35, 18.53, 100.44, 70.25, 70.93, , 15.853, 0.981, 232.8, 232.8, 1.656, 378.881, 378.881, 378.881, 7.272, 77.631, 35.449, 34.694, 7.379, 22.39, 0, 0, 82.352, 83.94, 82.352, 83.94, 1, 83.081, 83.081, 0.025, 0.033, 2418.063, 2464.707, 2418.063, 2464.707, 5.663, 7.379, 22.39, , , 1, 2.404, 0, 0, 12.5, 4.171, 192, 0, 0, 0, 83, 15.82, 15.98, 107.6, 101.44, 100, 0, 0, 31, 30.5, 100, 4.41, 100.5, 0, 0, 101.5, 82.64, 0, 0, 0, 0, 0, 13.9, 0, 12.5, 0, 4.171, 192, 0, 0, 0, 83, 1, 0.016, 0.016, 107.6, 101.44, 100, 0, 0, 141, 31, 30.5, 100, 4.41, 0, 100.5, 0, 0, 101.5, 82.64, 0, 0, 0, 0, 
2.4, 18.53, 100.44, 70.25, 70.93, , 15.839, 0.981, 238.769, 238.769, 1.613, 378.562, 378.562, 378.562, 12.023, 78.365, 35.239, 35.002, 7.378, 22.39, 0, 0, 83.045, 84.647, 83.045, 84.647, 1, 83.856, 83.856, 0.025, 0.034, 2069.721, 2109.645, 2069.721, 2109.645, 5.697, 7.378, 22.39, , , 1, 2.455, 0, 0, 12.5, 4.207, 192, 0, 0, 0, 83, 15.886, 16.046, 107.6, 101.366, 100, 0, 0, 31.1, 30.5, 100, 4.41, 100.9, 0, 0, 101.9, 83.386, 0, 0, 0, 0, 0, 13.9, 0, 12.5, 0, 4.207, 192, 0, 0, 0, 83, 1, 0.016, 0.016, 107.6, 101.366, 100, 0, 0, 141, 31.1, 30.5, 100, 4.41, 0, 100.9, 0, 0, 101.9, 83.386, 0, 0, 0, 0, 
2.45, 18.53, 100.44, 70.25, 70.93, , 15.825, 0.981, 244.806, 244.806, 1.569, 378.263, 378.263, 378.263, 15.454, 79.099, 35.023, 35.362, 7.378, 22.39, 0, 0, 83.75, 85.365, 83.75, 85.365, 1, 84.625, 84.625, 0.025, 0.034, 1247.928, 1271.999, 1247.928, 1271.999, 5.737, 7.378, 22.39, , , 1, 2.504, 0, 0, 12.5, 4.243, 192, 0, 0, 0, 83, 15.952, 16.112, 107.6, 101.292, 100, 0, 0, 31.2, 30.5, 100, 4.41, 101.3, 0, 0, 102.3, 84.132, 0, 0, 0, 0, 0, 13.9, 0, 12.5, 0, 4.243, 192, 0, 0, 0, 83, 1, 0.016, 0.016, 107.6, 101.292, 100, 0, 0, 141, 31.2, 30.5, 100, 4.41, 0, 101.3, 0, 0, 102.3, 84.132, 0, 0, 0, 0, 
2.5, 18.53, 100.44, 70.25, 70.93, , 15.809, 0.981, 250.951, 250.951, 1.853, 377.894, 377.894, 377.894, 19.485, 77.453, 34.807, 35.722, 7.377, 22.39, 0, 0, 84.431, 86.058, 84.431, 86.058, 1, 85.405, 85.405, 0.025, 0.034, 400.586, 408.31, 400.586, 408.31, 5.776, 7.377, 22.39, , , 1, 2.554, 0, 0, 12.5, 4.278, 192, 0, 0, 0, 83, 16.018, 16.178, 107.6, 101.218, 100, 0, 0, 31.3, 30.5, 100, 4.41, 101.7, 0, 0, 102.7, 84.878, 0, 0, 0, 0, 0, 13.9, 0, 12.5, 0, 4.278, 192, 0, 0, 0, 83, 1, 0.016, 0.016, 107.6, 101.218, 100, 0, 0, 141, 31.3, 30.5, 100, 4.41, 0, 101.7, 0, 0, 102.7, 84.878, 0, 0, 0, 0, 
2.55, 18.53, 100.44, 70.25, 70.93, , 15.792, 0.981, 257.095, 257.095, 2.23, 377.521, 377.521, 377.521, 23.831, 75.137, 34.591, 36.082, 7.377, 22.39, 0, 0, 85.116, 86.755, 85.116, 86.755, 1, 86.177, 86.177, 0.025, 0.034, 223.138, 227.44, 223.138, 227.44, 5.816, 7.377, 22.39, , , 1, 2.604, 0, 0, 12.5, 4.314, 192, 0, 0, 0, 83, 16.084, 16.244, 107.6, 101.144, 100, 0, 0, 31.4, 30.5, 100, 4.41, 102.1, 0, 0, 103.1, 85.624, 0, 0, 0, 0, 0, 13.9, 0, 12.5, 0, 4.314, 192, 0, 0, 0, 83, 1, 0.016, 0.016, 107.6, 101.144, 100, 0, 0, 141, 31.4, 30.5, 100, 4.41, 0, 102.1, 0, 0, 103.1, 85.624, 0, 0, 0, 0, 
2.6, 18.53, 100.44, 70.25, 70.93, , 15.732, 0.981, 263.287, 263.287, 2.607, 376.116, 376.116, 376.116, 28.167, 72.82, 34.375, 36.442, 7.378, 22.39, 0, 0, 85.552, 87.2, 85.552, 87.2, 1, 86.955, 86.955, 0.025, 0.034, 179.397, 182.857, 179.397, 182.857, 5.867, 7.378, 22.39, , , 1, 2.654, 0, 0, 12.5, 4.35, 192, 0, 0, 0, 83, 16.15, 16.31, 107.6, 101.07, 100, 0, 0, 31.5, 30.5, 100, 4.41, 102.5, 0, 0, 103.5, 86.37, 0, 0, 0, 0, 0, 13.9, 0, 12.5, 0, 4.35, 192, 0, 0, 0, 83, 1, 0.016, 0.016, 107.6, 101.07, 100, 0, 0, 141, 31.5, 30.5, 100, 4.41, 0, 102.5, 0, 0, 103.5, 86.37, 0, 0, 0, 0, 
2.65, 18.53, 100.44, 70.25, 70.93, , 15.692, 0.981, 269.597, 269.597, 2.983, 375.197, 375.197, 375.197, , 70.504, 34.34, 36.137, 7.378, 22.39, 0, 0, 86.102, 87.762, 86.102, 87.762, 1, 87.713, 87.713, 0.025, 0.034, 153.102, 156.056, 153.102, 156.056, 5.932, 7.378, 22.39, , , 1, 2.704, 0, 0, 12.5, 4.389, 192, 0, 0, 0, 83, 16.153, 16.312, 107.226, 100.978, 100, 0, 0, 31.583, 30.625, 100, 4.41, 102.625, 0, 0, 103.583, 87.352, 0, 0, 0, 0, 0, 13.9, 0, 12.5, 0, 4.389, 192, 0, 0, 0, 83, 1, 0.016, 0.016, 107.226, 100.978, 100, 0, 0, 141, 31.583, 30.625, 100, 4.41, 0, 102.625, 0, 0, 103.583, 87.352, 0, 0, 0, 0, 
2.7, 18.53, 100.44, 70.25, 70.93, , 15.66, 0.981, 275.908, 275.908, , 374.471, 374.471, 374.471, , , 34.34, 35.705, 7.379, 22.39, 0, 0, 86.688, 88.359, 86.688, 88.359, 1, 88.489, 88.489, 0.025, 0.034, , , , , 5.997, 7.379, 22.39, , , 1, 2.754, 0, 0, 12.5, 4.428, 192, 0, 0, 0, 83, 16.156, 16.314, 106.851, 100.887, 100, 0, 0, 31.666, 30.75, 100, 4.41, 102.75, 0, 0, 103.666, 88.334, 0, 0, 0, 0, 0, 13.9, 0, 12.5, 0, 4.428, 192, 0, 0, 0, 83, 1, 0.016, 0.016, 106.851, 100.887, 100, 0, 0, 141, 31.666, 30.75, 100, 4.41, 0, 102.75, 0, 0, 103.666, 88.334, 0, 0, 0, 0, 
2.75, 18.53, 100.44, 70.25, 70.93, , 15.635, 0.981, 282.276, 282.276, , 373.904, 373.904, 373.904, , , 34.34, 35.273, 7.379, 22.39, 0, 0, 87.304, 88.988, 87.304, 88.988, 1, 89.254, 89.254, 0.025, 0.034, , , , , 6.063, 7.379, 22.39, , , 1, 2.804, 0, 0, 12.5, 4.467, 192, 0, 0, 0, 83, 16.159, 16.316, 106.477, 100.795, 100, 0, 0, 31.75, 30.874, 100, 4.41, 102.874, 0, 0, 103.75, 89.316, 0, 0, 0, 0, 0, 13.9, 0, 12.5, 0, 4.467, 192, 0, 0, 0, 83, 1, 0.016, 0.016, 106.477, 100.795, 100, 0, 0, 141, 31.75, 30.874, 100, 4.41, 0, 102.874, 0, 0, 103.75, 89.316, 0, 0, 0, 0, 
2.8, 18.53, 100.44, 70.25, 70.932, , 15.576, 0.981, 288.762, 288.762, , 372.523, 372.523, 372.523, , , 34.34, 34.841, 7.38, 22.39, 0, 0, 87.734, 89.426, 87.734, 89.426, 1, 90.024, 90.024, 0.025, 0.034, , , , , 6.112, 7.38, 22.39, , , 1, 2.854, 0, 0, 12.5, 4.506, 192, 0, 0, 0, 83, 16.162, 16.318, 106.102, 100.704, 100, 0, 0, 31.833, 30.999, 100, 4.41, 102.999, 0, 0, 103.833, 90.298, 0, 0, 0, 0, 0, 13.9, 0, 12.5, 0, 4.506, 192, 0, 0, 0, 83, 1, 0.016, 0.016, 106.102, 100.704, 100, 0, 0, 141, 31.833, 30.999, 100, 4.41, 0, 102.999, 0, 0, 103.833, 90.298, 0, 0, 0, 0, 
2.85, 18.53, 100.44, 70.25, 70.934, , 15.559, 0.981, 295.249, 295.249, , 372.145, 372.145, 372.145, , , 34.34, 34.409, 7.38, 22.39, 0, 0, 88.385, 90.09, 88.385, 90.09, 1, 90.787, 90.787, 0.025, 0.034, , , , , 6.139, 7.38, 22.39, , , 1, 2.904, 0, 0, 12.5, 4.544, 192, 0, 0, 0, 83, 16.165, 16.32, 105.728, 100.612, 100, 0, 0, 31.916, 31.124, 100, 4.41, 103.124, 0, 0, 103.916, 91.281, 0, 0, 0, 0, 0, 13.9, 0, 12.5, 0, 4.544, 192, 0, 0, 0, 83, 1, 0.016, 0.016, 105.728, 100.612, 100, 0, 0, 141, 31.916, 31.124, 100, 4.41, 0, 103.124, 0, 0, 103.916, 91.281, 0, 0, 0, 0, 
2.9, 18.53, 100.44, 70.25, 70.935, , 15.536, 0.981, 301.816, 301.816, , 371.619, 371.619, 371.619, , , 34.671, 34.46, 7.38, 22.39, 0, 0, 89, 90.718, 89, 90.718, 1, 91.556, 91.556, 0.025, 0.034, , , , , 6.166, 7.38, 22.39, , , 1, 2.954, 0, 0, 12.5, 4.583, 192, 0, 0, 0, 83, 16.167, 16.322, 105.354, 100.521, 100, 0, 0, 31.999, 31.249, 100, 4.41, 103.249, 0, 0, 103.999, 92.263, 0, 0, 0, 0, 0, 13.9, 0, 12.5, 0, 4.583, 192, 0, 0, 0, 83, 1, 0.016, 0.016, 105.354, 100.521, 100, 0, 0, 141, 31.999, 31.249, 100, 4.41, 0, 103.249, 0, 0, 103.999, 92.263, 0, 0, 0, 0, 
2.95, 18.53, 100.44, 70.25, 70.937, , 15.477, 0.981, 308.621, 308.621, , 370.244, 370.244, 370.244, , , 35.066, 34.604, 7.38, 22.39, 0, 0, 89.426, 91.152, 89.426, 91.152, 1, 92.452, 92.452, 0.025, 0.034, , , , , 6.192, 7.38, 22.39, , , 1, 3.005, 0, 0, 12.5, 4.622, 192, 0, 0, 0, 83, 16.17, 16.325, 104.979, 100.429, 100, 0, 0, 32.082, 31.374, 100, 4.41, 103.374, 0, 0, 104.082, 93.245, 0, 0, 0, 0, 0, 13.9, 0, 12.5, 0, 4.622, 192, 0, 0, 0, 83, 1, 0.016, 0.016, 104.979, 100.429, 100, 0, 0, 141, 32.082, 31.374, 100, 4.41, 0, 103.374, 0, 0, 104.082, 93.245, 0, 0, 0, 0, 
3, 18.53, 100.44, 70.25, 70.938, , 15.377, 0.981, 317.494, 317.494, , 367.918, 367.918, 367.918, , , 35.46, 34.747, 7.38, 22.39, 0, 0, 89.829, 91.563, 89.829, 91.563, 1, 93.327, 93.327, 0.025, 0.034, , , , , 6.217, 7.38, 22.39, , , 1, 3.054, 0, 0, 12.5, 4.661, 192, 0, 0, 0, 83, 16.173, 16.327, 104.605, 100.338, 100, 0, 0, 32.166, 31.498, 100, 4.41, 103.498, 0, 0, 104.166, 94.227, 0, 0, 0, 0, 0, 13.9, 0, 12.5, 0, 4.661, 192, 0, 0, 0, 83, 1, 0.016, 0.016, 104.605, 100.338, 100, 0, 0, 141, 32.166, 31.498, 100, 4.41, 0, 103.498, 0, 0, 104.166, 94.227, 0, 0, 0, 0, 
3.05, 18.53, 100.44, 70.25, 70.94, , 15.35, 0.981, 324.165, 324.165, , 367.294, 367.294, 367.294, , , 35.855, 34.891, 7.38, 22.39, 0, 0, 90.399, 92.145, 90.399, 92.145, 1, 94.079, 94.079, 0.025, 0.034, , , , , 6.232, 7.38, 22.39, , , 1, 3.104, 0, 0, 12.5, 4.7, 192, 0, 0, 0, 83, 16.176, 16.329, 104.231, 100.246, 100, 0, 0, 32.249, 31.623, 100, 4.41, 103.623, 0, 0, 104.249, 95.209, 0, 0, 0, 0, 0, 13.9, 0, 12.5, 0, 4.7, 192, 0, 0, 0, 83, 1, 0.016, 0.016, 104.231, 100.246, 100, 0, 0, 141, 32.249, 31.623, 100, 4.41, 0, 103.623, 0, 0, 104.249, 95.209, 0, 0, 0, 0, 
3.1, 18.53, 100.44, 70.25, 70.941, , 15.295, 0.981, 330.97, 330.97, , 366.016, 366.016, 366.016, , , 36.249, 35.034, 7.38, 22.39, 0, 0, 90.814, 92.566, 90.814, 92.566, 1, 94.839, 94.839, 0.025, 0.034, , , , , 6.247, 7.38, 22.39, , , 1, 3.155, 0, 0, 12.5, 4.739, 192, 0, 0, 0, 83, 16.179, 16.331, 103.856, 100.155, 100, 0, 0, 32.332, 31.748, 100, 4.41, 103.748, 0, 0, 104.332, 96.191, 0, 0, 0, 0, 0, 13.9, 0, 12.5, 0, 4.739, 192, 0, 0, 0, 83, 1, 0.016, 0.016, 103.856, 100.155, 100, 0, 0, 141, 32.332, 31.748, 100, 4.41, 0, 103.748, 0, 0, 104.332, 96.191, 0, 0, 0, 0, 
3.15, 18.53, 100.44, 70.25, 70.943, , 15.233, 0.981, 337.751, 337.751, , 364.564, 364.564, 364.564, , , 36.113, 35.238, 7.38, 22.39, 0, 0, 91.162, 92.921, 91.162, 92.921, 1, 95.582, 95.582, 0.025, 0.034, , , , , 6.261, 7.38, 22.39, , , 1, 3.205, 0, 0, 12.5, 4.778, 192, 0, 0, 0, 83, 16.182, 16.333, 103.482, 100.063, 100, 0, 0, 32.415, 31.873, 100, 4.41, 103.873, 0, 0, 104.415, 97.173, 0, 0, 0, 0, 0, 13.9, 0, 12.5, 0, 4.778, 192, 0, 0, 0, 83, 1, 0.016, 0.016, 103.482, 100.063, 100, 0, 0, 141, 32.415, 31.873, 100, 4.41, 0, 103.873, 0, 0, 104.415, 97.173, 0, 0, 0, 0, 
3.2, 18.53, 100.44, 70.25, 70.944, , 15.205, 0.981, 344.756, 344.756, , 363.934, 363.934, 363.934, , , 35.86, 35.455, 7.379, 22.39, 0, 0, 91.722, 93.492, 91.722, 93.492, 1, 96.335, 96.335, 0.025, 0.034, , , , , 6.276, 7.379, 22.39, , , 1, 3.255, 0, 0, 12.5, 4.817, 192, 0, 0, 0, 83, 16.185, 16.335, 103.107, 99.972, 100, 0, 0, 32.498, 31.998, 100, 4.41, 103.998, 0, 0, 104.498, 98.155, 0, 0, 0, 0, 0, 13.9, 0, 12.5, 0, 4.817, 192, 0, 0, 0, 83, 1, 0.016, 0.016, 103.107, 99.972, 100, 0, 0, 141, 32.498, 31.998, 100, 4.41, 0, 103.998, 0, 0, 104.498, 98.155, 0, 0, 0, 0, 
3.25, 18.53, 100.44, 70.25, 70.946, , 15.171, 0.981, 351.624, 351.624, , 363.152, 363.152, 363.152, , , 35.607, 35.672, 7.379, 22.39, 0, 0, 92.221, 93.999, 92.221, 93.999, 1, 97.076, 97.076, 0.025, 0.034, , , , , 6.289, 7.379, 22.39, , , 1, 3.305, 0, 0, 12.5, 4.869, 192, 0, 0, 0, 83, 16.184, 16.332, 102.915, 99.818, 100, 0, 0, 32.603, 32.103, 100, 4.41, 104.308, 0, 0, 104.705, 98.557, 0, 0, 0, 0, 0, 13.9, 0, 12.5, 0, 4.869, 192, 0, 0, 0, 83, 1, 0.016, 0.016, 102.915, 99.818, 100, 0, 0, 141, 32.603, 32.103, 100, 4.41, 0, 104.308, 0, 0, 104.705, 98.557, 0, 0, 0, 0, 
3.3, 18.53, 100.44, 70.25, 70.947, , 15.096, 0.981, 358.67, 358.67, , 361.386, 361.386, 361.386, , , 35.353, 35.888, 7.379, 22.39, 0, 0, 92.477, 94.26, 92.477, 94.26, 1, 97.826, 97.826, 0.025, 0.034, , , , , 6.302, 7.379, 22.39, , , 1, 3.354, 0, 0, 12.5, 4.922, 192, 0, 0, 0, 83, 16.183, 16.329, 102.727, 99.663, 100, 0, 0, 32.707, 32.207, 100, 4.41, 104.621, 0, 0, 104.914, 98.948, 0, 0, 0, 0, 0, 13.9, 0, 12.5, 0, 4.922, 192, 0, 0, 0, 83, 1, 0.016, 0.016, 102.727, 99.663, 100, 0, 0, 141, 32.707, 32.207, 100, 4.41, 0, 104.621, 0, 0, 104.914, 98.948, 0, 0, 0, 0, 
3.35, 18.53, 100.44, 70.25, 70.949, , 15.028, 0.981, 365.746, 365.746, , 359.799, 359.799, 359.799, , , 35.1, 36.105, 7.379, 22.39, 0, 0, 92.768, 94.558, 92.768, 94.558, 1, 98.567, 98.567, 0.025, 0.034, , , , , 6.314, 7.379, 22.39, , , 1, 3.404, 0, 0, 12.5, 4.974, 192, 0, 0, 0, 83, 16.182, 16.326, 102.539, 99.509, 100, 0, 0, 32.812, 32.312, 100, 4.41, 104.935, 0, 0, 105.123, 99.338, 0, 0, 0, 0, 0, 13.9, 0, 12.5, 0, 4.974, 192, 0, 0, 0, 83, 1, 0.016, 0.016, 102.539, 99.509, 100, 0, 0, 141, 32.812, 32.312, 100, 4.41, 0, 104.935, 0, 0, 105.123, 99.338, 0, 0, 0, 0, 
3.4, 18.53, 100.44, 70.25, 70.95, , 14.935, 0.981, 372.87, 372.87, , 357.629, 357.629, 357.629, , , 35.09, 36.049, 7.379, 22.39, 0, 0, 92.894, 94.686, 92.894, 94.686, 1, 99.297, 99.297, 0.025, 0.033, , , , , 6.327, 7.379, 22.39, , , 1, 3.454, 0, 0, 12.5, 5.027, 192, 0, 0, 0, 83, 16.181, 16.323, 102.351, 99.354, 100, 0, 0, 32.916, 32.416, 100, 4.41, 105.249, 0, 0, 105.333, 99.728, 0, 0, 0, 0, 0, 13.9, 0, 12.5, 0, 5.027, 192, 0, 0, 0, 83, 1, 0.016, 0.016, 102.351, 99.354, 100, 0, 0, 141, 32.916, 32.416, 100, 4.41, 0, 105.249, 0, 0, 105.333, 99.728, 0, 0, 0, 0, 
3.45, 18.53, 100.44, 70.25, 70.952, , 14.849, 0.981, 380.038, 380.038, , 355.622, 355.622, 355.622, , , 35.126, 35.941, 7.38, 22.39, 0, 0, 93.053, 94.849, 93.053, 94.849, 1, 100.025, 100.025, 0.025, 0.033, , , , , 6.353, 7.38, 22.39, , , 1, 3.504, 0, 0, 12.5, 5.072, 192, 0, 0, 0, 83, 16.179, 16.319, 102.172, 99.219, 100, 0, 0, 33.023, 32.508, 100, 4.41, 105.508, 0, 0, 105.508, 100.04, 0, 0, 0, 0, 0, 13.9, 0, 12.5, 0, 5.072, 192, 0, 0, 0, 83, 1, 0.016, 0.016, 102.172, 99.219, 100, 0, 0, 141, 33.023, 32.508, 100, 4.41, 0, 105.508, 0, 0, 105.508, 100.04, 0, 0, 0, 0, 
3.5, 18.53, 100.44, 70.25, 70.953, , 14.776, 0.981, 387.318, 387.318, , 353.905, 353.905, 353.905, , , 35.162, 35.833, 7.381, 22.39, 0, 0, 93.283, 95.085, 93.283, 95.085, 1, 100.759, 100.759, 0.025, 0.034, , , , , 6.381, 7.381, 22.39, , , 1, 3.554, 0, 0, 12.5, 5.086, 192, 0, 0, 0, 83, 16.176, 16.314, 102.034, 99.162, 100, 0, 0, 33.138, 32.546, 100, 4.41, 105.546, 0, 0, 105.546, 100.04, 0, 0, 0, 0, 0, 13.9, 0, 12.5, 0, 5.086, 192, 0, 0, 0, 83, 1, 0.016, 0.016, 102.034, 99.162, 100, 0, 0, 141, 33.138, 32.546, 100, 4.41, 0, 105.546, 0, 0, 105.546, 100.04, 0, 0, 0, 0, 
3.55, 18.53, 100.44, 70.25, 70.955, , 14.691, 0.981, 394.615, 394.615, , 351.928, 351.928, 351.928, , , 35.198, 35.725, 7.382, 22.39, 0, 0, 93.431, 95.235, 93.431, 95.235, 1, 101.484, 101.484, 0.025, 0.034, , , , , 6.41, 7.382, 22.39, , , 1, 3.605, 0, 0, 12.5, 5.101, 192, 0, 0, 0, 83, 16.173, 16.31, 101.895, 99.105, 100, 0, 0, 33.254, 32.585, 100, 4.41, 105.585, 0, 0, 105.585, 100.04, 0, 0, 0, 0, 0, 13.9, 0, 12.5, 0, 5.101, 192, 0, 0, 0, 83, 1, 0.016, 0.016, 101.895, 99.105, 100, 0, 0, 141, 33.254, 32.585, 100, 4.41, 0, 105.585, 0, 0, 105.585, 100.04, 0, 0, 0, 0, 
3.6, 18.53, 100.44, 70.25, 70.956, , 14.619, 0.981, 401.912, 401.912, , 350.224, 350.224, 350.224, , , 35.234, 35.617, 7.382, 22.39, 0, 0, 93.638, 95.446, 93.638, 95.446, 1, 102.203, 102.203, 0.025, 0.034, , , , , 6.438, 7.382, 22.39, , , 1, 3.654, 0, 0, 12.5, 5.115, 192, 0, 0, 0, 83, 16.17, 16.305, 101.757, 99.048, 100, 0, 0, 33.369, 32.623, 100, 4.41, 105.623, 0, 0, 105.623, 100.04, 0, 0, 0, 0, 0, 13.9, 0, 12.5, 0, 5.115, 192, 0, 0, 0, 83, 1, 0.016, 0.016, 101.757, 99.048, 100, 0, 0, 141, 33.369, 32.623, 100, 4.41, 0, 105.623, 0, 0, 105.623, 100.04, 0, 0, 0, 0, 
3.65, 18.53, , , 70.958, , 14.53, , 409.355, 409.355, , 348.144, 348.144, 348.144, , , 35.21, 35.57, 7.382, 22.39, 0, 0, 93.736, 95.545, 93.736, 95.545, 1, 102.924, 102.924, 0.025, 0.034, , , , , 6.489, 7.382, 22.39, , , 1, 3.704, 0, 0, 12.5, 5.129, 192, 0, 0, 0, 83, 16.167, 16.301, 101.618, 98.991, 100, 0, 0, 33.485, 32.662, 100, 4.41, 105.662, 0, 0, 105.662, 100.04, 0, 0, 0, 0, 0, 13.9, 0, 12.5, 0, 5.129, 192, 0, 0, 0, 83, 1, 0.016, 0.016, 101.618, 98.991, 100, 0, 0, 141, 33.485, 32.662, 100, 4.41, 0, 105.662, 0, 0, 105.662, 100.04, 0, 0, 0, 0, 
3.7, 18.53, , , 70.959, , 13.803, , 416.761, 416.761, , 330.917, 330.917, 330.917, , , 35.174, 35.534, 7.382, 22.39, 0, 0, 89.642, 91.372, 89.642, 91.372, 1, 103.631, 103.631, 0.025, 0.034, , , , , 6.545, 7.382, 22.39, , , 1, 3.754, 0, 0, 12.5, 5.144, 192, 0, 0, 0, 83, 16.164, 16.296, 101.48, 98.934, 100, 0, 0, 33.6, 32.7, 100, 4.41, 105.7, 0, 0, 105.7, 100.04, 0, 0, 0, 0, 0, 13.9, 0, 12.5, 0, 5.144, 192, 0, 0, 0, 83, 1, 0.016, 0.016, 101.48, 98.934, 100, 0, 0, 141, 33.6, 32.7, 100, 4.41, 0, 105.7, 0, 0, 105.7, 100.04, 0, 0, 0, 0, 
3.75, 18.53, , , 70.961, , 11.733, , 424.293, 424.293, , 281.848, 281.848, 281.848, , , 35.138, 35.498, 7.382, 22.39, 0, 0, 76.696, 78.178, 76.696, 78.178, 1, 104.258, 104.258, 0.025, 0.034, , , , , 6.601, 7.382, 22.39, , , 1, 3.804, 0, 0, 12.5, 5.158, 192, 0, 0, 0, 83, 16.161, 16.291, 101.342, 98.877, 100, 0, 0, 33.715, 32.738, 100, 4.41, 105.738, 0, 0, 105.738, 100.04, 0, 0, 0, 0, 0, 13.9, 0, 12.5, 0, 5.158, 192, 0, 0, 0, 83, 1, 0.016, 0.016, 101.342, 98.877, 100, 0, 0, 141, 33.715, 32.738, 100, 4.41, 0, 105.738, 0, 0, 105.738, 100.04, 0, 0, 0, 0, 
3.8, 18.53, , , 70.962, , 9.571, , 431.825, 431.825, , 230.559, 230.559, 230.559, , , 35.102, 35.462, 7.381, 22.39, 0, 0, 63.018, 64.236, 63.018, 64.236, 1, 104.788, 104.788, 0.025, 0.034, , , , , 6.657, 7.381, 22.39, , , 1, 3.854, 0, 0, 12.5, 5.173, 192, 0, 0, 0, 83, 16.158, 16.287, 101.203, 98.82, 100, 0, 0, 33.831, 32.777, 100, 4.41, 105.777, 0, 0, 105.777, 100.04, 0, 0, 0, 0, 0, 13.9, 0, 12.5, 0, 5.173, 192, 0, 0, 0, 83, 1, 0.016, 0.016, 101.203, 98.82, 100, 0, 0, 141, 33.831, 32.777, 100, 4.41, 0, 105.777, 0, 0, 105.777, 100.04, 0, 0, 0, 0, 
3.85, 18.53, , , 70.964, , 7.53, , 439.447, 439.447, , 182.154, 182.154, 182.154, , , 35.066, 35.426, 7.38, 22.39, 0, 0, 50.007, 50.973, 50.007, 50.973, 1, 105.212, 105.212, 0.025, 0.034, , , , , 6.709, 7.38, 22.39, , , 1, 3.904, 0, 0, 12.5, 5.187, 192, 0, 0, 0, 83, 16.155, 16.282, 101.065, 98.763, 100, 0, 0, 33.946, 32.815, 100, 4.41, 105.815, 0, 0, 105.815, 100.04, 0, 0, 0, 0, 0, 13.9, 0, 12.5, 0, 5.187, 192, 0, 0, 0, 83, 1, 0.016, 0.016, 101.065, 98.763, 100, 0, 0, 141, 33.946, 32.815, 100, 4.41, 0, 105.815, 0, 0, 105.815, 100.04, 0, 0, 0, 0, 
3.9, 18.53, , , 70.966, , 5.498, , 447.075, 447.075, , 133.972, 133.972, 133.972, , , 34.969, 35.541, 7.38, 22.39, 0, 0, 36.941, 37.653, 36.941, 37.653, 1, 105.533, 105.533, 0.025, 0.034, , , , , 6.76, 7.38, 22.39, , , 1, 3.955, 0, 0, 12.5, 5.201, 192, 0, 0, 0, 83, 16.152, 16.278, 100.926, 98.706, 100, 0, 0, 34.062, 32.854, 100, 4.41, 105.854, 0, 0, 105.854, 100.04, 0, 0, 0, 0, 0, 13.9, 0, 12.5, 0, 5.201, 192, 0, 0, 0, 83, 1, 0.016, 0.016, 100.926, 98.706, 100, 0, 0, 141, 34.062, 32.854, 100, 4.41, 0, 105.854, 0, 0, 105.854, 100.04, 0, 0, 0, 0, 
3.95, 18.53, , , 70.967, , 4.195, , 454.858, 454.858, , 103.062, 103.062, 103.062, , , 34.861, 35.685, 7.38, 22.39, 0, 0, 28.521, 29.07, 28.521, 29.07, 1, 105.767, 105.767, 0.025, 0.034, , , , , 6.811, 7.38, 22.39, , , 1, 4.004, 0, 0, 12.5, 5.216, 192, 0, 0, 0, 83, 16.149, 16.273, 100.788, 98.649, 100, 0, 0, 34.177, 32.892, 100, 4.41, 105.892, 0, 0, 105.892, 100.04, 0, 0, 0, 0, 0, 13.9, 0, 12.5, 0, 5.216, 192, 0, 0, 0, 83, 1, 0.016, 0.016, 100.788, 98.649, 100, 0, 0, 141, 34.177, 32.892, 100, 4.41, 0, 105.892, 0, 0, 105.892, 100.04, 0, 0, 0, 0, 
4, 18.53, , , 70.969, , 4.064, , 463.836, 463.836, , 99.966, 99.966, 99.966, , , 34.753, 35.829, 7.38, 22.39, 0, 0, 27.72, 28.252, 27.72, 28.252, 1, 105.979, 105.979, 0.025, 0.034, , , , , 6.861, 7.38, 22.39, , , 1, 4.054, 0, 0, 12.5, 5.23, 192, 0, 0, 0, 83, 16.146, 16.268, 100.649, 98.592, 100, 0, 0, 34.292, 32.931, 100, 4.41, 105.931, 0, 0, 105.931, 100.04, 0, 0, 0, 0, 0, 13.9, 0, 12.5, 0, 5.23, 192, 0, 0, 0, 83, 1, 0.016, 0.016, 100.649, 98.592, 100, 0, 0, 141, 34.292, 32.931, 100, 4.41, 0, 105.931, 0, 0, 105.931, 100.04, 0, 0, 0, 0, 
4.05, , , , , , 3.462, , 472.604, 472.604, , 85.684, 85.684, 85.684, , , 34.645, 35.973, 7.38, 22.39, 0, 0, 23.792, 24.249, 23.792, 24.249, 1, 106.222, 106.222, 0.025, 0.033, , , , , 6.897, 7.38, 22.39, , , 1, 4.105, 0, 0, 12.5, 5.244, 192, 0, 0, 0, 83, 16.142, 16.264, 100.511, 98.536, 100, 0, 0, 34.408, 32.969, 100, 4.41, 105.969, 0, 0, 105.969, 100.04, 0, 0, 0, 0, 0, 13.9, 0, 12.5, 0, 5.244, 192, 0, 0, 0, 83, 1, 0.016, 0.016, 100.511, 98.536, 100, 0, 0, 141, 34.408, 32.969, 100, 4.41, 0, 105.969, 0, 0, 105.969, 100.04, 0, 0, 0, 0, 
4.1, , , , , , 2.547, , 480.387, 480.387, , 63.996, 63.996, 63.996, , , 34.537, 36.117, 7.38, 22.39, 0, 0, 17.788, 18.129, 17.788, 18.129, 1, 106.372, 106.372, 0.025, 0.033, , , , , 6.925, 7.38, 22.39, , , 1, 4.154, 0, 0, 12.5, 5.267, 192, 0, 0, 0, 82.87, 15.594, 15.988, 100.3, 97.274, 100, 0, 0, 34.537, 33.056, 98.407, 4.349, 105.926, 0, 0, 106.065, 100.315, 0, 0, 0, 0, 0, 13.902, 0, 12.5, 0, 5.267, 192, 0, 0, 0, 82.87, 1, 0.015, 0.016, 100.3, 97.274, 100, 0, 0, 141, 34.537, 33.056, 98.407, 4.349, 0, 105.926, 0, 0, 106.065, 100.316, 0, 0, 0, 0, 
4.15, , , , , , 1.542, , 488.17, 488.17, , 40.141, 40.141, 40.141, , , 34.55, 36.17, 7.38, 22.39, 0, 0, 11.167, 11.38, 11.167, 11.38, 1, 106.477, 106.477, 0.025, 0.033, , , , , 6.952, 7.38, 22.39, , , 1, 4.204, 0, 0.002, 12.5, 5.324, 192, 0, 0, 0, 82.222, 12.866, 14.626, 99.8, 91.192, 100, 0, 0, 34.722, 33.333, 90.444, 4.045, 105.556, 0, 0, 106.389, 101.692, 0, 0, 0, 0, 0, 13.911, 0.002, 12.5, 0, 5.324, 192, 0, 0, 0, 82.222, 1, 0.013, 0.014, 99.8, 91.192, 100, 0, 0, 141, 34.722, 33.333, 90.444, 4.045, 0, 105.556, 0, 0, 106.389, 101.698, 0, 0, 0, 0, 
4.2, , , , , , 0.224, , 495.954, 495.954, , 8.882, 8.882, 8.882, , , 34.586, 36.206, 7.38, 22.39, 0, 0, 2.474, 2.521, 2.474, 2.521, 1, 106.522, 106.522, 0.024, 0.033, , , , , 6.979, 7.38, 22.39, , , 1, 4.255, 0, 0.004, 12.5, 5.381, 192, 0, 0, 0, 81.574, 10.137, 13.264, 99.3, 85.111, 100, 0, 0, 34.907, 33.611, 82.481, 3.74, 105.185, 0, 0, 106.713, 103.068, 0, 0, 0, 0, 0, 13.92, 0.004, 12.5, 0, 5.381, 192, 0, 0, 0, 81.574, 1, 0.01, 0.013, 99.3, 85.111, 100, 0, 0, 141, 34.907, 33.611, 82.481, 3.74, 0, 105.185, 0, 0, 106.713, 103.079, 0, 0, 0, 0, 
4.25, , , , , , -1.535, , 503.737, 503.737, , -32.845, -32.845, -32.845, , , 34.622, 36.242, 7.38, 22.39, 0, 0, -9.131, -9.308, -9.131, -9.308, 1, 106.489, 106.489, 0.024, 0.033, , , , , 7, 7.38, 22.39, , , 1, 4.305, 0, 0.006, 12.5, 5.439, 192, 0, 0, 0, 80.926, 7.408, 11.901, 98.8, 79.029, 100, 0, 0, 35.093, 33.889, 74.519, 3.436, 104.815, 0, 0, 107.037, 104.444, 0, 0, 0, 0, 0, 13.93, 0.006, 12.5, 0, 5.439, 192, 0, 0, 0, 80.926, 1, 0.007, 0.012, 98.8, 79.029, 100, 0, 0, 141, 35.093, 33.889, 74.519, 3.436, 0, 104.815, 0, 0, 107.037, 104.461, 0, 0, 0, 0, 
4.3, , , , , , -2.993, , 511.521, 511.521, , -67.445, -67.445, -67.445, , , 34.658, 36.278, 7.38, 22.39, 0, 0, -18.734, -19.095, -18.734, -19.095, 1, 106.377, 106.377, 0.024, 0.033, , , , , 7.018, 7.38, 22.39, , , 1, 4.355, 0, 0.008, 12.5, 5.496, 192, 0, 0, 0, 80.278, 4.679, 10.539, 98.3, 72.948, 100, 0, 0, 35.278, 34.167, 66.556, 3.131, 104.444, 0, 0, 107.361, 105.821, 0, 0, 0, 0, 0, 13.939, 0.008, 12.5, 0, 5.496, 192, 0, 0, 0, 80.278, 1, 0.005, 0.011, 98.3, 72.948, 100, 0, 0, 141, 35.278, 34.167, 66.556, 3.131, 0, 104.444, 0, 0, 107.361, 105.842, 0, 0, 0, 0, 
4.35, , , , , , -4.013, , 518.853, 518.853, , -91.65, -91.65, -91.65, , , 34.694, 36.314, 7.38, 22.39, 0, 0, -25.43, -25.919, -25.43, -25.919, 1, 106.252, 106.252, 0.024, 0.033, , , , , 7.035, 7.38, 22.39, , , 1, 4.405, 0, 0.01, 12.5, 5.553, 192, 0, 0, 0, 79.63, 1.951, 9.177, 97.8, 66.866, 100, 0, 0, 35.463, 34.444, 58.593, 2.827, 104.074, 0, 0, 107.685, 107.197, 0, 0, 0, 0, 0, 13.948, 0.01, 12.5, 0, 5.553, 192, 0, 0, 0, 79.63, 1, 0.002, 0.009, 97.8, 66.866, 100, 0, 0, 141, 35.463, 34.444, 58.593, 2.827, 0, 104.074, 0, 0, 107.685, 107.224, 0, 0, 0, 0, 
4.4, , , , , , -4.841, , 524.908, 524.908, , -111.289, -111.289, -111.289, , , 34.849, 36.29, 7.38, 22.39, 0, 0, -30.851, -31.445, -30.851, -31.445, 1, 106.052, 106.052, 0.024, 0.033, , , , , 7.052, 7.38, 22.39, , , 1, 4.454, 0, 0.012, 12.5, 5.559, 192, 0, 0, 0, 78.864, 1.66, 7.795, 97.536, 60.215, 100, 0, 0, 35.409, 34.591, 49.182, 2.463, 103.909, 0, 0, 108.341, 107.39, 0, 0, 0, 0, 0, 13.959, 0.012, 12.5, 0, 5.559, 192, 0, 0, 0, 78.864, 1, 0.002, 0.008, 97.536, 60.215, 100, 0, 0, 141, 35.409, 34.591, 49.182, 2.463, 0, 103.909, 0, 0, 108.341, 107.387, 0, 0, 0, 0, 
4.45, , , , , , -5.606, , 532.692, 532.692, , -129.454, -129.454, -129.454, , , 35.026, 36.255, 7.38, 22.39, 0, 0, -35.825, -36.515, -35.825, -36.515, 1, 105.789, 105.789, 0.024, 0.033, , , , , 7.066, 7.38, 22.39, , , 1, 4.504, 0, 0.014, 12.5, 5.553, 192, 0, 0, 0, 78.068, 1.98, 6.408, 97.332, 53.422, 100, 0, 0, 35.295, 34.705, 39.409, 2.081, 103.795, 0, 0, 109.08, 107.248, 0, 0, 0, 0, 0, 13.97, 0.014, 12.5, 0, 5.553, 192, 0, 0, 0, 78.068, 1, 0.002, 0.007, 97.332, 53.422, 100, 0, 0, 141, 35.295, 34.705, 39.409, 2.081, 0, 103.795, 0, 0, 109.08, 107.246, 0, 0, 0, 0, 
4.5, , , , , , -5.797, , 539.931, 539.931, , -133.995, -133.995, -133.995, , , 35.203, 36.219, 7.38, 22.39, 0, 0, -37.028, -37.742, -37.028, -37.742, 1, 105.561, 105.561, 0.024, 0.033, , , , , 7.072, 7.38, 22.39, , , 1, 4.554, 0, 0.016, 12.5, 5.546, 192, 0, 0, 0, 77.273, 2.299, 5.02, 97.127, 46.629, 100, 0, 0, 35.182, 34.818, 29.636, 1.7, 103.682, 0, 0, 109.818, 107.106, 0, 0, 0, 0, 0, 13.982, 0.016, 12.5, 0, 5.546, 192, 0, 0, 0, 77.273, 1, 0.002, 0.005, 97.127, 46.629, 100, 0, 0, 141, 35.182, 34.818, 29.636, 1.7, 0, 103.682, 0, 0, 109.818, 107.105, 0, 0, 0, 0, 
4.55, , , , , , -5.638, , 543.822, 543.822, , -130.231, -130.231, -130.231, , , 35.38, 36.184, 7.38, 22.39, 0, 0, -35.934, -36.628, -35.934, -36.628, 1, 105.414, 105.414, 0.024, 0.033, , , , , 7.079, 7.38, 22.39, , , 1, 4.591, 0, 0.019, 12.5, 5.54, 192, 0, 0, 0, 76.477, 2.618, 3.632, 96.923, 39.836, 100, 0, 0, 35.068, 34.932, 19.864, 1.319, 103.568, 0, 0, 110.557, 106.965, 0, 0, 0, 0, 0, 13.993, 0.019, 12.5, 0, 5.54, 192, 0, 0, 0, 76.477, 1, 0.003, 0.004, 96.923, 39.836, 100, 0, 0, 141, 35.068, 34.932, 19.864, 1.319, 0, 103.568, 0, 0, 110.557, 106.965, 0, 0, 0, 0, 
4.6, , , , , , -5.543, , 547.671, 547.671, , -127.962, -127.962, -127.962, , , 35.557, 36.149, 7.38, 22.39, 0, 0, -35.259, -35.94, -35.259, -35.94, 1, 105.275, 105.275, 0.024, 0.033, , , , , 7.085, 7.38, 22.39, , , 1, 4.617, , , , , , , , , , , , , , , , , , , , , , , , , , , , , , , , , , , , , , , , , , , , , , , , , , , , , , , , , , , , , , , , 
4.65, , , , , , -5.495, , 551.528, 551.528, , -126.846, -126.846, -126.846, , , , , , , 0, 0, -34.904, -35.578, -34.904, -35.578, 1, 105.135, 105.135, , , , , , , , , , , , 1, 4.642, , , , , , , , , , , , , , , , , , , , , , , , , , , , , , , , , , , , , , , , , , , , , , , , , , , , , , , , , , , , , , , , 
4.7, , , , , , , , 555.419, 555.419, , , , , , , , , , , 0, 0, , , , , 1, , , , , , , , , , , , , , 1, 4.667, , , , , , , , , , , , , , , , , , , , , , , , , , , , , , , , , , , , , , , , , , , , , , , , , , , , , , , , , , , , , , , , 
