Time, (DWRT ATMO) Humidity, (DWRT ATMO) Pressure, (DWRT ATMO) Temperature 1, (DWRT ATMO) Temperature 2, (DWRT CPU) ????????????????????????????????????????????????????????????????, (DWRT CPU) Acceleration, (DWRT CPU) Correction Factor, (DWRT CPU) Distance, (DWRT CPU) Distance 1, (DWRT CPU) Engine RPM, (DWRT CPU) Force, (DWRT CPU) Force 1, (DWRT CPU) Force Drum 1, (DWRT CPU) Gear Ratio, (DWRT CPU) Inductive 1 Signal Strength, (DWRT CPU) Inductive 2 Signal Strength, (DWRT CPU) Internal Temp 1, (DWRT CPU) Internal Temp 2, (DWRT CPU) LC1 Volts Petrol AFR, (DWRT CPU) LC2 Volts Petrol AFR2, (DWRT CPU) Link 0 Status, (DWRT CPU) Link 1 Status, (DWRT CPU) Power, (DWRT CPU) Power (uncorrected), (DWRT CPU) Power Drum 1, (DWRT CPU) Power Drum 1 (uncorrected), (DWRT CPU) Sampling, (DWRT CPU) Speed, (DWRT CPU) Speed 1, (DWRT CPU) TCP RX kB/s, (DWRT CPU) TCP TX kB/s, (DWRT CPU) Torque, (DWRT CPU) Torque (uncorrected), (DWRT CPU) Torque Drum 1, (DWRT CPU) Torque Drum 1 (uncorrected), (DWRT CPU) UDP RX kB/s, (DWRT CPU) User Analog 1, (DWRT CPU) User Analog 2, (DWRT CPU) User Analog 3, (DWRT CPU) User Analog 4, (Gen) Sampling, (Gen) Sampling Duration, (Harley - ECU Type 14 SW Level 141) Accel Enrichment, (Harley - ECU Type 14 SW Level 141) Decel Enleanment, (Harley - ECU Type 14 SW Level 141) Desired Air/Fuel, (Harley - ECU Type 14 SW Level 141) Engine Speed, (Harley - ECU Type 14 SW Level 141) Engine Temperature, (Harley - ECU Type 14 SW Level 141) Front Adaptive Fuel Factor, (Harley - ECU Type 14 SW Level 141) Front Closed Loop Integrator, (Harley - ECU Type 14 SW Level 141) Front Spark Knock Retard, (Harley - ECU Type 14 SW Level 141) Idle Air Control Motor Position, (Harley - ECU Type 14 SW Level 141) Injector Time Front, (Harley - ECU Type 14 SW Level 141) Injector Time Rear, (Harley - ECU Type 14 SW Level 141) Intake Air Temperature, (Harley - ECU Type 14 SW Level 141) Manifold Absolute Pressure, (Harley - ECU Type 14 SW Level 141) Rear Adaptive Fuel Factor, (Harley - ECU Type 14 SW Level 141) Rear Closed Loop Integrator, (Harley - ECU Type 14 SW Level 141) Rear Spark Knock Retard, (Harley - ECU Type 14 SW Level 141) Spark Advance Front, (Harley - ECU Type 14 SW Level 141) Spark Advance Rear, (Harley - ECU Type 14 SW Level 141) Throttle Position, (Harley - ECU Type 14 SW Level 141) Throttle Position Sensor Voltage, (Harley - ECU Type 14 SW Level 141) VE Front, (Harley - ECU Type 14 SW Level 141) VE New Front, (Harley - ECU Type 14 SW Level 141) VE New Rear, (Harley - ECU Type 14 SW Level 141) VE Rear, (Harley - ECU Type 14 SW Level 141) Vehicle Speed, (Harley - ECU Type 14 SW Level 141) WBO2 AFR Front, (Harley - ECU Type 14 SW Level 141) WBO2 AFR Rear, (PV) Accel Enrichment, (PV) AT Lambda 1, (PV) AT Lambda 2, (PV) Battery Voltage, (PV) Decel Enleanment, (PV) Desired Air/Fuel, (PV) Desired Lambda, (PV) Engine Speed, (PV) Engine Temperature, (PV) Front Adaptive Fuel Factor, (PV) Front Closed Loop Integrator, (PV) Front Spark Knock Retard, (PV) Idle Air Control Motor Position, (PV) Idle Set Speed, (PV) Injector Time Front, (PV) Injector Time Rear, (PV) Intake Air Temperature, (PV) Manifold Absolute Pressure, (PV) Rear Adaptive Fuel Factor, (PV) Rear Closed Loop Integrator, (PV) Rear Spark Knock Retard, (PV) Software Level, (PV) Spark Advance Front, (PV) Spark Advance Rear, (PV) Throttle Position, (PV) Throttle Position Sensor, (PV) Twistgrip Position, (PV) VE Front, (PV) VE New Front, (PV) VE New Rear, (PV) VE Rear, (PV) Vehicle Speed, (PV) Warm-up Fuel AFR (Lambda), (PV) Warm-up Fuel AFR (Ratio), (PV) WBO2 AFR Front, (PV) WBO2 AFR Rear, 
0, , , , , , 5.21, , , , , 125.45, 125.45, 125.45, , , , , , , , , , , , , , , , , , , , , , , , , , , , , , , , , , , , , , , , , , , , , , , , , , , , , , , , , , , , , , , , , , , , , , , , , , , , , , , , , , , , , , , , , , , , , 
0.05, , , , , , 5.118, , , , , 123.279, 123.279, 123.279, , , 94.932, , , , , , , , , , , , 45.291, 45.291, , , , , , , , , , , , , , , , , , , , , , , , , , , , , , , , , , , , , , , , , , , , , , , , , , , , , , , , , , , , , , , , , , , , , , , , , , , , , 
0.1, , , , , , 5.042, , 6.204, 6.204, , 121.478, 121.478, 121.478, , , 88.806, , , , , , , 14.279, 14.617, 14.279, 14.617, , 45.661, 45.661, , , , , , , , , , , , 1, 0.046, , , , , , , , , , , , , , , , , , , , , , , , , , , , , , , , , , , , , , , , , , , , , , , , , , , , , , , , , , , , , , , , 
0.15, , , , , , 4.989, , 12.589, 12.589, , 120.234, 120.234, 120.234, , , 82.68, 35.128, 34.892, 7.379, 22.39, 0, 0, 14.23, 14.566, 14.23, 14.566, 1, 46.031, 46.031, 0.025, 0.034, , , , , 4.803, 7.379, 22.39, , , 1, 0.14, , , , , , , , , , , , , , , , , , , , , , , , , , , , , , , , , , , , , , , , , , , , , , , , , , , , , , , , , , , , , , , , 
0.2, , , , , , 4.992, , 17.665, 17.665, , 120.3, 120.3, 120.3, , , 76.553, 35.2, 35.288, 7.377, 22.39, 0, 0, 14.355, 14.694, 14.355, 14.694, 1, 46.397, 46.397, 0.025, 0.034, , , , , 4.771, 7.377, 22.39, , , 1, 0.218, , , , , , , , , , , , , , , , , , , , , , , , , , , , , , , , , , , , , , , , , , , , , , , , , , , , , , , , , , , , , , , , 
0.25, , , , , , 5.174, , 22.741, 22.741, , 124.62, 124.62, 124.62, , , 70.427, 35.272, 35.684, 7.377, 22.39, 0, 0, 15.1, 15.456, 15.1, 15.456, 1, 46.749, 46.749, 0.025, 0.033, , , , , 4.74, 7.377, 22.39, , , 1, 0.272, 0.239, 0, 14.6, 2.385, 165, 100, 100, 0, 62.225, 7.652, 7.364, 104, 48.936, 100, 100, 0, 35.812, 35.576, 11.848, 1.109, 103.33, 103.33, 110.5, 110.5, 46.448, 5.1, 5.1, 0.239, 0, 0, 14.1, 0, 14.6, 0, 2.385, 165, 100, 100, 0, 62.225, 1.008, 0.008, 0.008, 104, 48.938, 100, 100, 0, 141, 35.812, 35.576, 11.848, 1.109, 0, 103.33, 103.33, 110.5, 110.5, 46.448, 0, 0, 5.1, 5.1, 
0.3, , , , , , 5.649, , 27.127, 27.127, , 135.912, 135.912, 135.912, , , 64.301, 35.344, 36.08, 7.377, 22.39, 0, 0, 16.681, 17.073, 16.681, 17.073, 1, 47.014, 47.014, 0.025, 0.033, , , , , 4.709, 7.377, 22.39, , , 1, 0.343, 0.484, 0, 14.6, 2.405, 165, 100, 100, 0, 63.475, 8.379, 7.929, 104, 49.574, 100, 100, 0, 35.619, 35.143, 12.713, 1.148, 103.666, 103.666, 110.5, 110.5, 46.926, 5.1, 5.1, 0.484, 0, 0, 14.1, 0, 14.6, 0, 2.405, 165, 100, 100, 0, 63.475, 1.008, 0.009, 0.008, 104, 49.579, 100, 100, 0, 141, 35.619, 35.143, 12.713, 1.148, 0, 103.666, 103.666, 110.5, 110.5, 46.926, 0, 0, 5.1, 5.1, 
0.35, , , , , , 6.498, , 30.561, 30.561, , 156.047, 156.047, 156.047, , , 58.174, 35.416, 36.476, 7.377, 22.39, 0, 0, 19.291, 19.745, 19.291, 19.745, 1, 47.318, 47.318, 0.025, 0.033, , , , , 4.688, 7.377, 22.39, , , 1, 0.397, 0.728, 0, 14.6, 2.425, 165, 100, 100, 0, 64.725, 9.106, 8.495, 104, 50.213, 100, 100, 0, 35.427, 34.711, 13.579, 1.187, 104.003, 104.003, 110.5, 110.5, 47.404, 5.1, 5.1, 0.728, 0, 0, 14.1, 0, 14.6, 0, 2.425, 165, 100, 100, 0, 64.725, 1.008, 0.009, 0.009, 104, 50.22, 100, 100, 0, 141, 35.427, 34.711, 13.579, 1.187, 0, 104.003, 104.003, 110.5, 110.5, 47.404, 0, 0, 5.1, 5.1, 
0.4, , , , , , 7.798, , 33.995, 33.995, , 186.909, 186.909, 186.909, , , 52.048, 35.42, 36.297, 7.377, 22.39, 0, 0, 23.313, 23.862, 23.313, 23.862, 1, 47.667, 47.667, 0.025, 0.033, , , , , 4.703, 7.377, 22.39, , , 1, 0.447, 0.972, 0, 14.6, 2.445, 165, 100, 100, 0, 65.975, 9.833, 9.06, 104, 50.851, 100, 100, 0, 35.235, 34.278, 14.444, 1.227, 104.339, 104.339, 110.5, 110.5, 47.882, 5.1, 5.1, 0.972, 0, 0, 14.1, 0, 14.6, 0, 2.445, 165, 100, 100, 0, 65.975, 1.008, 0.01, 0.009, 104, 50.861, 100, 100, 0, 141, 35.235, 34.278, 14.444, 1.227, 0, 104.339, 104.339, 110.5, 110.5, 47.882, 0, 0, 5.1, 5.1, 
0.45, , , , , , 9.259, , 37.429, 37.429, , 221.572, 221.572, 221.572, , , 45.922, 35.42, 36.081, 7.377, 22.39, 0, 0, 27.895, 28.551, 27.895, 28.551, 1, 48.068, 48.068, 0.025, 0.033, , , , , 4.718, 7.377, 22.39, , , 1, 0.497, 1.216, 0, 14.6, 2.466, 165, 100, 100, 0, 67.225, 10.56, 9.626, 104, 51.49, 100, 100, 0, 35.042, 33.845, 15.31, 1.266, 104.676, 104.676, 110.5, 110.5, 48.36, 5.1, 5.1, 1.216, 0, 0, 14.1, 0, 14.6, 0, 2.466, 165, 100, 100, 0, 67.225, 1.008, 0.011, 0.01, 104, 51.502, 100, 100, 0, 141, 35.042, 33.845, 15.31, 1.266, 0, 104.676, 104.676, 110.5, 110.5, 48.36, 0, 0, 5.1, 5.1, 
0.5, , , , , , 10.694, , 40.88, 40.88, , 255.622, 255.622, 255.622, , , 39.795, 35.42, 35.865, 7.377, 22.39, 0, 0, 32.474, 33.238, 32.474, 33.238, 1, 48.569, 48.569, 0.025, 0.033, , , , , 4.734, 7.377, 22.39, , , 1, 0.547, 1.346, 0, 14.6, 2.489, 165, 100, 100, 0, 68.556, 11.699, 10.868, 104, 56.025, 100, 100, 0, 33.741, 32.531, 20.151, 1.459, 104.384, 104.384, 110.256, 110.378, 48.97, 5.1, 5.1, 1.477, 0, 0, 14.1, 0, 14.6, 0, 2.489, 165, 100, 100, 0, 68.556, 1.008, 0.012, 0.011, 104, 56.119, 100, 100, 0, 141, 33.741, 32.531, 20.151, 1.459, 0, 104.384, 104.384, 110.256, 110.378, 48.97, 0, 0, 5.1, 5.1, 
0.55, , 100.39, 66.2, , , 11.945, 0.977, 44.365, 44.365, , 285.318, 285.318, 285.318, , , 50.562, 35.42, 35.649, 7.377, 22.39, 0, 0, 36.582, 37.445, 36.582, 37.445, 1, 49.122, 49.122, 0.025, 0.033, , , , , 4.749, 7.377, 22.39, , , 1, 0.597, 1.442, 0, 14.6, 2.513, 165, 100, 100, 0, 69.91, 12.954, 12.301, 104, 61.66, 100, 100, 0, 32.126, 30.969, 26.113, 1.696, 103.916, 103.916, 109.944, 110.222, 49.618, 5.1, 5.1, 1.743, 0, 0, 14.1, 0, 14.6, 0, 2.513, 165, 100, 100, 0, 69.91, 1.008, 0.013, 0.012, 104, 61.731, 100, 100, 0, 141, 32.126, 30.969, 26.113, 1.696, 0, 103.916, 103.916, 109.944, 110.222, 49.618, 0, 0, 5.1, 5.1, 
0.6, , 100.39, 66.2, , , 12.647, 0.977, 47.903, 47.903, , 301.989, 301.989, 301.989, , , 55.829, 35.42, 35.433, 7.377, 22.39, 0, 0, 39.158, 40.082, 39.158, 40.082, 1, 49.717, 49.717, 0.025, 0.033, , , , , 4.77, 7.377, 22.39, , , 1, 0.647, 1.539, 0, 14.6, 2.537, 165, 100, 100, 0, 71.265, 14.209, 13.735, 104, 67.295, 100, 100, 0, 30.511, 29.406, 32.075, 1.932, 103.447, 103.447, 109.631, 110.066, 50.266, 5.1, 5.1, 2.009, 0, 0, 14.1, 0, 14.6, 0, 2.537, 165, 100, 100, 0, 71.265, 1.008, 0.014, 0.014, 104, 67.342, 100, 100, 0, 141, 30.511, 29.406, 32.075, 1.932, 0, 103.447, 103.447, 109.631, 110.066, 50.266, 0, 0, 5.1, 5.1, 
0.65, , 100.39, 66.2, , , 13.001, 0.977, 51.478, 51.478, , 310.392, 310.392, 310.392, , , 58.717, 35.217, 35.555, 7.377, 22.39, 0, 0, 40.723, 41.683, 40.723, 41.683, 1, 50.348, 50.348, 0.025, 0.033, , , , , 4.79, 7.377, 22.39, , , 1, 0.697, 1.636, 0, 14.6, 2.561, 165, 100, 100, 0, 72.619, 15.465, 15.168, 104, 72.93, 100, 100, 0, 28.897, 27.844, 38.038, 2.169, 102.978, 102.978, 109.319, 109.909, 50.914, 5.1, 5.1, 2.274, 0, 0, 14.1, 0, 14.6, 0, 2.561, 165, 100, 100, 0, 72.619, 1.008, 0.016, 0.015, 104, 72.954, 100, 100, 0, 141, 28.897, 27.844, 38.038, 2.169, 0, 102.978, 102.978, 109.319, 109.909, 50.914, 0, 0, 5.1, 5.1, 
0.7, , 100.39, 66.2, , , 13.074, 0.977, 55.113, 55.113, , 312.14, 312.14, 312.14, , , 61.606, 35.001, 35.699, 7.377, 22.39, 0, 0, 41.455, 42.431, 41.455, 42.431, 1, 50.983, 50.983, 0.025, 0.033, , , , , 4.811, 7.377, 22.39, , , 1, 0.747, 1.733, 0, 14.6, 2.585, 165, 100, 100, 0, 73.973, 16.72, 16.601, 104, 78.565, 100, 100, 0, 27.282, 26.281, 44, 2.405, 102.509, 102.509, 109.006, 109.753, 51.562, 5.1, 5.1, 2.54, 0, 0, 14.1, 0, 14.6, 0, 2.585, 165, 100, 100, 0, 73.973, 1.008, 0.017, 0.016, 104, 78.565, 100, 100, 0, 141, 27.282, 26.281, 44, 2.405, 0, 102.509, 102.509, 109.006, 109.753, 51.562, 0, 0, 5.1, 5.1, 
0.75, , 100.39, 66.2, , , 12.967, 0.977, 58.82, 58.82, , 309.614, 309.614, 309.614, , , 64.494, 34.785, 35.843, 7.377, 22.39, 0, 0, 41.638, 42.62, 41.638, 42.62, 1, 51.619, 51.619, 0.025, 0.033, , , , , 4.831, 7.377, 22.39, , , 1, 0.797, 1.571, 0, 14.164, 2.6, 165, 100, 100, 0, 74, 17.189, 17.4, 104, 83.331, 100, 100, 0, 26.178, 25.484, 49.208, 2.6, 101.888, 101.888, 108.796, 109.699, 51.956, 5.1, 5.1, 2.206, 0, 0, 14.1, 0, 14.164, 0, 2.6, 165, 100, 100, 0, 74, 1.008, 0.017, 0.017, 104, 83.331, 100, 100, 0, 141, 26.178, 25.484, 49.208, 2.6, 0, 101.888, 101.888, 108.796, 109.699, 51.956, 0, 0, 5.1, 5.1, 
0.8, , 100.39, 66.2, , , 12.981, 0.977, 62.526, 62.526, , 309.957, 309.957, 309.957, , , 67.383, 34.569, 35.987, 7.377, 22.39, 0, 0, 42.203, 43.199, 42.203, 43.199, 1, 52.406, 52.406, 0.025, 0.033, , , , , 4.872, 7.377, 22.39, , , 1, 0.847, 1.403, 0, 13.729, 2.616, 165, 100, 100, 0, 74, 17.642, 18.185, 104, 88.096, 100, 100, 0, 25.084, 24.703, 54.417, 2.794, 101.262, 101.262, 108.588, 109.647, 52.344, 5.1, 5.1, 1.872, 0, 0, 14.1, 0, 13.729, 0, 2.616, 165, 100, 100, 0, 74, 1.008, 0.018, 0.018, 104, 88.096, 100, 100, 0, 141, 25.084, 24.703, 54.417, 2.794, 0, 101.262, 101.262, 108.588, 109.647, 52.344, 0, 0, 5.1, 5.1, 
0.85, , 100.39, 66.2, , , 13.008, 0.977, 67.903, 67.903, , 310.608, 310.608, 310.608, , , 70.271, 34.353, 36.131, 7.377, 22.379, 0, 0, 43.021, 44.036, 43.021, 44.036, 1, 53.281, 53.281, 0.025, 0.033, , , , , 4.914, 7.377, 22.379, , , 1, 0.897, 1.235, 0, 13.293, 2.631, 165, 100, 100, 0, 74, 18.095, 18.971, 104, 92.862, 100, 100, 0, 23.991, 23.922, 59.625, 2.987, 100.638, 100.638, 108.379, 109.595, 52.733, 5.1, 5.1, 1.538, 0, 0, 14.1, 0, 13.293, 0, 2.631, 165, 100, 100, 0, 74, 1.008, 0.018, 0.019, 104, 92.862, 100, 100, 0, 141, 23.991, 23.922, 59.625, 2.987, 0, 100.638, 100.638, 108.379, 109.595, 52.733, 0, 0, 5.1, 5.1, 
0.9, , 100.39, 66.2, , , 13.03, 0.977, 72.423, 72.423, , 311.143, 311.143, 311.143, , , 73.16, 34.509, 36.038, 7.377, 22.364, 0, 0, 43.705, 44.736, 43.705, 44.736, 1, 53.917, 53.917, 0.025, 0.033, , , , , 4.955, 7.377, 22.364, , , 1, 0.947, 1.068, 0, 12.857, 2.647, 165, 100, 100, 0, 74, 18.548, 19.756, 104, 97.628, 100, 100, 0, 22.897, 23.141, 64.833, 3.181, 100.012, 100.012, 108.171, 109.543, 53.121, 5.1, 5.1, 1.204, 0, 0, 14.1, 0, 12.857, 0, 2.647, 165, 100, 100, 0, 74, 1.008, 0.019, 0.019, 104, 97.628, 100, 100, 0, 141, 22.897, 23.141, 64.833, 3.181, 0, 100.012, 100.012, 108.171, 109.543, 53.121, 0, 0, 5.1, 5.1, 
0.95, 20.08, 100.39, 66.2, 66.88, , 13.072, 0.977, 76.277, 76.277, , 312.171, 312.171, 312.171, , , 76.048, 34.689, 35.93, 7.377, 22.3, 0, 0, 44.365, 45.412, 44.365, 45.412, 1, 54.544, 54.544, 0.025, 0.033, , , , , 4.996, 7.377, 22.3, , , 1, 0.997, 0.897, 0, 12.5, 2.666, 165, 100, 100, 0, 74, 18.893, 20.389, 104, 101.455, 100, 100, 0, 22.037, 22.519, 70.27, 3.38, 99.593, 99.593, 108.204, 109.648, 53.532, 5.1, 5.1, 0.897, 0, 0, 14.096, 0, 12.5, 0, 2.666, 165, 100, 100, 0, 74, 1.008, 0.019, 0.02, 104, 101.455, 100, 100, 0, 141, 22.037, 22.519, 70.27, 3.38, 0, 99.593, 99.593, 108.204, 109.648, 53.532, 0, 0, 5.1, 5.1, 
1, 20.08, 100.39, 66.2, 66.88, , 13.145, 0.977, 80.182, 80.182, , 313.909, 313.909, 313.909, , , 78.937, 34.869, 35.822, 7.377, 22.214, 0, 0, 45.13, 46.195, 45.13, 46.195, 1, 55.185, 55.185, 0.025, 0.033, , , , , 5.027, 7.377, 22.214, , , 1, 1.047, 0.714, 0, 12.5, 2.699, 165, 100, 100, 0, 74, 18.74, 20.327, 104, 101.531, 100, 100, 0, 22.243, 22.621, 76.623, 3.605, 100.107, 100.107, 109.335, 110.471, 54.042, 5.1, 5.1, 0.714, 0, 0, 14.075, 0, 12.5, 0, 2.699, 165, 100, 100, 0, 74, 1.008, 0.019, 0.02, 104, 101.531, 100, 100, 0, 141, 22.243, 22.621, 76.623, 3.605, 0, 100.107, 100.107, 109.335, 110.471, 54.042, 0, 0, 5.1, 5.1, 
1.05, 20.08, 100.39, 66.2, 66.88, , 13.188, 0.977, 84.141, 84.141, , 314.939, 314.939, 314.939, , , 80.795, 35.049, 35.714, 7.377, 22.031, 0, 0, 45.81, 46.891, 45.81, 46.891, 1, 55.825, 55.825, 0.025, 0.033, , , , , 5.056, 7.377, 22.031, , , 1, 1.097, 0.531, 0, 12.5, 2.732, 165, 100, 100, 0, 74, 18.588, 20.265, 104, 101.607, 100, 100, 0, 22.449, 22.724, 82.975, 3.829, 100.621, 100.621, 110.467, 111.294, 54.552, 5.1, 5.1, 0.531, 0, 0, 14.055, 0, 12.5, 0, 2.732, 165, 100, 100, 0, 74, 1.008, 0.019, 0.02, 104, 101.607, 100, 100, 0, 141, 22.449, 22.724, 82.975, 3.829, 0, 100.621, 100.621, 110.467, 111.294, 54.552, 0, 0, 5.1, 5.1, 
1.1, 20.08, 100.39, 66.2, 66.88, , 13.245, 0.977, 88.166, 88.166, , 316.298, 316.298, 316.298, , , 78.997, 35.229, 35.606, 7.377, 21.803, 0, 0, 46.533, 47.63, 46.533, 47.63, 1, 56.466, 56.466, 0.025, 0.033, , , , , 5.084, 7.377, 21.803, , , 1, 1.147, 0.348, 0, 12.5, 2.766, 165, 100, 100, 0, 74, 18.436, 20.204, 104, 101.683, 100, 100, 0, 22.654, 22.827, 89.328, 4.053, 101.136, 101.136, 111.599, 112.117, 55.063, 5.1, 5.1, 0.348, 0, 0, 14.034, 0, 12.5, 0, 2.766, 165, 100, 100, 0, 74, 1.008, 0.018, 0.02, 104, 101.683, 100, 100, 0, 141, 22.654, 22.827, 89.328, 4.053, 0, 101.136, 101.136, 111.599, 112.117, 55.063, 0, 0, 5.1, 5.1, 
1.15, 20.08, 100.39, 66.2, 66.88, , 13.306, 0.977, 92.192, 92.192, , 317.781, 317.781, 317.781, , , 77.199, 35.105, 35.532, 7.377, 21.456, 0, 0, 47.285, 48.4, 47.285, 48.4, 1, 57.112, 57.112, 0.025, 0.033, , , , , 5.112, 7.377, 21.456, , , 1, 1.197, 0.165, 0, 12.5, 2.799, 165, 100, 100, 0, 74, 18.284, 20.142, 104, 101.758, 100, 100, 0, 22.86, 22.93, 95.68, 4.277, 101.65, 101.65, 112.73, 112.94, 55.573, 5.1, 5.1, 0.165, 0, 0, 14.014, 0, 12.5, 0, 2.799, 165, 100, 100, 0, 74, 1.008, 0.018, 0.02, 104, 101.758, 100, 100, 0, 141, 22.86, 22.93, 95.68, 4.277, 0, 101.65, 101.65, 112.73, 112.94, 55.573, 0, 0, 5.1, 5.1, 
1.2, 20.08, 100.39, 66.2, 66.88, , 13.353, 0.977, 96.319, 96.319, , 318.904, 318.904, 318.904, , , 75.401, 34.961, 35.46, 7.377, 21.047, 0, 0, 47.993, 49.124, 47.993, 49.124, 1, 57.762, 57.762, 0.025, 0.033, , , , , 5.118, 7.377, 21.047, , , 1, 1.247, 0.038, 0, 12.5, 2.832, 165, 100, 100, 0, 74, 18.19, 20.106, 104, 101.854, 100, 100, 0, 23.03, 23.03, 100, 4.43, 102.09, 102.09, 113.53, 113.53, 56.143, 5.1, 5.1, 0.038, 0, 0, 14, 0, 12.5, 0, 2.832, 165, 100, 100, 0, 74, 1.008, 0.018, 0.02, 104, 101.854, 100, 100, 0, 141, 23.03, 23.03, 100, 4.43, 0, 102.09, 102.09, 113.53, 113.53, 56.143, 0, 0, 5.1, 5.1, 
1.25, 20.08, 100.39, 66.2, 66.88, , 13.405, 0.977, 100.488, 100.488, , 320.148, 320.148, 320.148, , , 73.604, 34.817, 35.388, 7.377, 20.575, 0, 0, 48.725, 49.874, 48.725, 49.874, 1, 58.417, 58.417, 0.025, 0.033, , , , , 5.102, 7.377, 20.575, , , 1, 1.297, 0.03, 0, 12.5, 2.865, 165, 100, 100, 0, 74, 18.222, 20.125, 104, 101.992, 100, 100, 0, 23.123, 23.123, 100, 4.43, 102.369, 102.369, 113.623, 113.623, 56.839, 5.1, 5.1, 0.03, 0, 0, 14, 0, 12.5, 0, 2.865, 165, 100, 100, 0, 74, 1.008, 0.018, 0.02, 104, 101.993, 100, 100, 0, 141, 23.123, 23.123, 100, 4.43, 0, 102.369, 102.369, 113.623, 113.623, 56.839, 0, 0, 5.1, 5.1, 
1.3, 20.08, 100.39, 66.2, 66.88, , 13.465, 0.977, 104.658, 104.658, , 321.591, 321.591, 321.591, , , 71.806, 34.673, 35.316, 7.377, 20.064, 0, 0, 49.497, 50.663, 49.497, 50.663, 1, 59.069, 59.069, 0.025, 0.033, , , , , 5.087, 7.377, 20.064, , , 1, 1.347, 0.023, 0, 12.5, 2.898, 165, 100, 100, 0, 74, 18.254, 20.143, 104, 102.13, 100, 100, 0, 23.216, 23.216, 100, 4.43, 102.649, 102.649, 113.716, 113.716, 57.534, 5.1, 5.1, 0.023, 0, 0, 14, 0, 12.5, 0, 2.898, 165, 100, 100, 0, 74, 1.008, 0.018, 0.02, 104, 102.131, 100, 100, 0, 141, 23.216, 23.216, 100, 4.43, 0, 102.649, 102.649, 113.716, 113.716, 57.534, 0, 0, 5.1, 5.1, 
1.35, 20.08, 100.39, 66.2, 66.88, , 13.544, 0.977, 108.88, 108.88, , 323.466, 323.466, 323.466, , , 70.008, 34.529, 35.244, 7.377, 19.533, 0, 0, 50.344, 51.531, 50.344, 51.531, 1, 59.726, 59.726, 0.025, 0.033, , , , , 5.071, 7.377, 19.533, , , 1, 1.397, 0.015, 0, 12.5, 2.93, 165, 100, 100, 0, 74, 18.285, 20.162, 104, 102.268, 100, 100, 0, 23.31, 23.31, 100, 4.43, 102.929, 102.929, 113.81, 113.81, 58.23, 5.1, 5.1, 0.015, 0, 0, 14, 0, 12.5, 0, 2.93, 165, 100, 100, 0, 74, 1.008, 0.018, 0.02, 104, 102.27, 100, 100, 0, 141, 23.31, 23.31, 100, 4.43, 0, 102.929, 102.929, 113.81, 113.81, 58.23, 0, 0, 5.1, 5.1, 
1.4, 20.08, 100.39, 66.2, 66.88, , 13.652, 0.977, 113.204, 113.204, , 326.056, 326.056, 326.056, , , 68.21, 34.825, 35.443, 7.377, 18.99, 0, 0, 51.307, 52.517, 51.307, 52.517, 1, 60.391, 60.391, 0.025, 0.033, , , , , 5.062, 7.377, 18.99, , , 1, 1.447, 0.008, 0, 12.5, 2.963, 165, 100, 100, 0, 74, 18.317, 20.181, 104, 102.406, 100, 100, 0, 23.403, 23.403, 100, 4.43, 103.209, 103.209, 113.903, 113.903, 58.926, 5.1, 5.1, 0.008, 0, 0, 14, 0, 12.5, 0, 2.963, 165, 100, 100, 0, 74, 1.008, 0.018, 0.02, 104, 102.409, 100, 100, 0, 141, 23.403, 23.403, 100, 4.43, 0, 103.209, 103.209, 113.903, 113.903, 58.926, 0, 0, 5.1, 5.1, 
1.45, 20.08, 100.39, 66.2, 66.88, , 13.753, 0.977, 117.543, 117.543, , 328.478, 328.478, 328.478, , , 66.413, 35.149, 35.659, 7.377, 18.473, 0, 0, 52.263, 53.495, 52.263, 53.495, 1, 61.057, 61.057, 0.025, 0.033, , , , , 5.06, 7.377, 18.473, , , 1, 1.497, 0, 0, 12.5, 2.996, 165, 100, 100, 0, 74, 18.349, 20.199, 104, 102.544, 100, 100, 0, 23.496, 23.496, 100, 4.43, 103.489, 103.489, 113.996, 113.996, 59.622, 5.1, 5.1, 0, 0, 0, 14, 0, 12.5, 0, 2.996, 165, 100, 100, 0, 74, 1.008, 0.018, 0.02, 104, 102.547, 100, 100, 0, 141, 23.496, 23.496, 100, 4.43, 0, 103.489, 103.489, 113.996, 113.996, 59.622, 0, 0, 5.1, 5.1, 
1.5, 20.08, 100.39, 66.2, 66.88, , 13.863, 0.977, 121.949, 121.949, , 331.093, 331.093, 331.093, , , 64.615, 35.473, 35.875, 7.377, 17.977, 0, 0, 53.259, 54.514, 53.259, 54.514, 1, 61.728, 61.728, 0.025, 0.033, , , , , 5.058, 7.377, 17.977, , , 1, 1.547, 0, 0, 12.5, 3.011, 165, 100, 100, 0, 74, 18.373, 20.224, 103.865, 102.55, 100, 100, 0, 23.538, 23.538, 100, 4.428, 103.575, 103.575, 114.075, 114.075, 59.65, 5.1, 5.1, 0, 0, 0, 14, 0, 12.5, 0, 3.011, 165, 100, 100, 0, 74, 1.008, 0.018, 0.02, 103.865, 102.55, 100, 100, 0, 141, 23.538, 23.538, 100, 4.428, 0, 103.575, 103.575, 114.075, 114.075, 59.65, 0, 0, 5.1, 5.1, 
1.55, 20.08, 100.39, 66.2, 66.88, , 14.012, 0.977, 126.359, 126.359, , 334.644, 334.644, 334.644, , , 62.817, 35.797, 36.091, 7.377, 17.514, 0, 0, 54.423, 55.706, 54.423, 55.706, 1, 62.41, 62.41, 0.025, 0.033, , , , , 5.057, 7.377, 17.514, , , 1, 1.597, 0, 0, 12.5, 3.025, 165, 100, 100, 0, 74, 18.398, 20.249, 103.724, 102.55, 100, 100, 0, 23.577, 23.577, 100, 4.427, 103.654, 103.654, 114.154, 114.154, 59.65, 5.1, 5.1, 0, 0, 0, 14, 0, 12.5, 0, 3.025, 165, 100, 100, 0, 74, 1.008, 0.018, 0.02, 103.724, 102.55, 100, 100, 0, 141, 23.577, 23.577, 100, 4.427, 0, 103.654, 103.654, 114.154, 114.154, 59.65, 0, 0, 5.1, 5.1, 
1.6, 20.08, 100.39, 66.2, 66.88, , 14.126, 0.977, 130.852, 130.852, , 337.367, 337.367, 337.367, , , 61.019, 36.121, 36.307, 7.377, 17.076, 0, 0, 55.47, 56.778, 55.47, 56.778, 1, 63.096, 63.096, 0.025, 0.033, , , , , 5.057, 7.377, 17.076, , , 1, 1.647, 0, 0, 12.5, 3.039, 165, 100, 100, 0, 74, 18.422, 20.274, 103.583, 102.55, 100, 100, 0, 23.616, 23.616, 100, 4.425, 103.732, 103.732, 114.232, 114.232, 59.65, 5.1, 5.1, 0, 0, 0, 14, 0, 12.5, 0, 3.039, 165, 100, 100, 0, 74, 1.008, 0.018, 0.02, 103.583, 102.55, 100, 100, 0, 141, 23.616, 23.616, 100, 4.425, 0, 103.732, 103.732, 114.232, 114.232, 59.65, 0, 0, 5.1, 5.1, 
1.65, 20.08, 100.39, 66.2, 66.88, , 14.271, 0.977, 135.43, 135.43, , 340.828, 340.828, 340.828, , , 59.222, 36.038, 36.151, 7.377, 16.71, 0, 0, 56.66, 57.998, 56.66, 57.998, 1, 63.788, 63.788, 0.025, 0.033, , , , , 5.066, 7.377, 16.71, , , 1, 1.697, 0, 0, 12.5, 3.053, 165, 100, 100, 0, 74, 18.446, 20.299, 103.442, 102.55, 100, 100, 0, 23.655, 23.655, 100, 4.424, 103.81, 103.81, 114.31, 114.31, 59.65, 5.1, 5.1, 0, 0, 0, 14, 0, 12.5, 0, 3.053, 165, 100, 100, 0, 74, 1.008, 0.018, 0.02, 103.442, 102.55, 100, 100, 0, 141, 23.655, 23.655, 100, 4.424, 0, 103.81, 103.81, 114.31, 114.31, 59.65, 0, 0, 5.1, 5.1, 
1.7, 20.08, 100.39, 66.2, 66.88, , 14.401, 0.977, 140.008, 140.008, , 343.932, 343.932, 343.932, , , 59.117, 35.93, 35.971, 7.378, 16.406, 0, 0, 57.807, 59.173, 57.807, 59.173, 1, 64.494, 64.494, 0.025, 0.033, , , , , 5.075, 7.378, 16.406, , , 1, 1.747, 0, 0, 12.5, 3.068, 165, 100, 100, 0, 74, 18.47, 20.324, 103.301, 102.55, 100, 100, 0, 23.694, 23.694, 100, 4.422, 103.889, 103.889, 114.389, 114.389, 59.65, 5.1, 5.1, 0, 0, 0, 14, 0, 12.5, 0, 3.068, 165, 100, 100, 0, 74, 1.008, 0.018, 0.02, 103.301, 102.55, 100, 100, 0, 141, 23.694, 23.694, 100, 4.422, 0, 103.889, 103.889, 114.389, 114.389, 59.65, 0, 0, 5.1, 5.1, 
1.75, 20.08, 100.39, 66.2, 66.88, , 14.54, 0.977, 144.677, 144.677, , 347.25, 347.25, 347.25, , , 59.289, 35.822, 35.791, 7.378, 16.202, 0, 0, 59, 60.394, 59, 60.394, 1, 65.205, 65.205, 0.025, 0.033, , , , , 5.084, 7.378, 16.202, , , 1, 1.797, 0, 0, 12.5, 3.082, 165, 100, 100, 0, 74, 18.495, 20.349, 103.161, 102.55, 100, 100, 0, 23.733, 23.733, 100, 4.421, 103.967, 103.967, 114.467, 114.467, 59.65, 5.1, 5.1, 0, 0, 0, 14, 0, 12.5, 0, 3.082, 165, 100, 100, 0, 74, 1.008, 0.018, 0.02, 103.161, 102.55, 100, 100, 0, 141, 23.733, 23.733, 100, 4.421, 0, 103.967, 103.967, 114.467, 114.467, 59.65, 0, 0, 5.1, 5.1, 
1.8, 20.08, 100.39, 66.2, 66.88, , 14.677, 0.977, 151.635, 151.635, , 350.507, 350.507, 350.507, , , 59.46, 35.714, 35.611, 7.379, 16.09, 0, 0, 60.518, 61.947, 60.518, 61.947, 1, 66.094, 66.094, 0.025, 0.033, , , , , 5.093, 7.379, 16.09, , , 1, 1.847, 0, 0, 12.5, 3.096, 165, 100, 100, 0, 74, 18.519, 20.374, 103.02, 102.55, 100, 100, 0, 23.772, 23.772, 100, 4.419, 104.045, 104.045, 114.545, 114.545, 59.65, 5.1, 5.1, 0, 0, 0, 14, 0, 12.5, 0, 3.096, 165, 100, 100, 0, 74, 1.008, 0.019, 0.021, 103.02, 102.55, 100, 100, 0, 141, 23.772, 23.772, 100, 4.419, 0, 104.045, 104.045, 114.545, 114.545, 59.65, 0, 0, 5.1, 5.1, 
1.85, 20.08, 100.39, 66.2, 66.88, , 14.788, 0.977, 156.445, 156.445, , 353.158, 353.158, 353.158, , , 59.631, 35.606, 35.431, 7.379, 16.041, 0, 0, 61.64, 63.097, 61.64, 63.097, 1, 66.994, 66.994, 0.025, 0.033, 5189.4, 5311.96, 5189.4, 5311.96, 5.146, 7.379, 16.041, , , 1, 1.897, 0, 0, 12.5, 3.111, 165, 100, 100, 0, 74, 18.543, 20.399, 102.879, 102.55, 100, 100, 0, 23.811, 23.811, 100, 4.418, 104.124, 104.124, 114.624, 114.624, 59.65, 5.1, 5.1, 0, 0, 0, 14, 0, 12.5, 0, 3.111, 165, 100, 100, 0, 74, 1.008, 0.019, 0.021, 102.879, 102.55, 100, 100, 0, 141, 23.811, 23.811, 100, 4.418, 0, 104.124, 104.124, 114.624, 114.624, 59.65, 0, 0, 5.1, 5.1, 
1.9, 20.08, 100.389, 66.2, 66.88, , 14.868, 0.977, 161.212, 161.212, , 355.074, 355.074, 355.074, , , 59.802, 35.532, 35.555, 7.38, 16.055, 0, 0, 62.635, 64.115, 62.635, 64.115, 1, 67.71, 67.71, 0.025, 0.034, 3514.628, 3597.635, 3514.628, 3597.635, 5.201, 7.38, 16.055, , , 1, 1.947, 0, 0, 12.5, 3.125, 165, 100, 100, 0, 74, 18.567, 20.424, 102.738, 102.55, 100, 100, 0, 23.851, 23.851, 100, 4.416, 104.202, 104.202, 114.702, 114.702, 59.65, 5.1, 5.1, 0, 0, 0, 14, 0, 12.5, 0, 3.125, 165, 100, 100, 0, 74, 1.008, 0.019, 0.021, 102.738, 102.55, 100, 100, 0, 141, 23.851, 23.851, 100, 4.416, 0, 104.202, 104.202, 114.702, 114.702, 59.65, 0, 0, 5.1, 5.1, 
1.95, 20.08, 100.389, 66.2, 66.88, , 14.924, 0.977, 166.083, 166.083, , 356.434, 356.434, 356.434, , , 59.974, 35.46, 35.699, 7.38, 16.075, 0, 0, 63.551, 65.052, 63.551, 65.052, 1, 68.438, 68.438, 0.025, 0.034, 2654.01, 2716.692, 2654.01, 2716.692, 5.257, 7.38, 16.075, , , 1, 1.997, 0, 0, 12.5, 3.139, 165, 100, 100, 0, 74, 18.592, 20.449, 102.597, 102.55, 100, 100, 0, 23.89, 23.89, 100, 4.414, 104.281, 104.281, 114.781, 114.781, 59.65, 5.1, 5.1, 0, 0, 0, 14, 0, 12.5, 0, 3.139, 165, 100, 100, 0, 74, 1.008, 0.019, 0.021, 102.597, 102.55, 100, 100, 0, 141, 23.89, 23.89, 100, 4.414, 0, 104.281, 104.281, 114.781, 114.781, 59.65, 0, 0, 5.1, 5.1, 
2, 20.08, 100.389, 66.2, 66.88, , 15.026, 0.977, 171.051, 171.051, , 358.862, 358.862, 358.862, , , 60.145, 35.388, 35.843, 7.379, 16.1, 0, 0, 64.672, 66.201, 64.672, 66.201, 1, 69.167, 69.167, 0.025, 0.034, 2133.704, 2184.096, 2133.704, 2184.096, 5.313, 7.379, 16.1, , , 1, 2.047, 0, 0, 12.5, 3.153, 165, 100, 100, 0, 74, 18.616, 20.474, 102.456, 102.55, 100, 100, 0, 23.929, 23.929, 100, 4.413, 104.359, 104.359, 114.859, 114.859, 59.65, 5.1, 5.1, 0, 0, 0, 14, 0, 12.5, 0, 3.153, 165, 100, 100, 0, 74, 1.008, 0.019, 0.021, 102.456, 102.55, 100, 100, 0, 141, 23.929, 23.929, 100, 4.413, 0, 104.359, 104.359, 114.859, 114.859, 59.65, 0, 0, 5.1, 5.1, 
2.05, 20.08, 100.388, 66.2, 66.88, , 15.054, 0.977, 176.019, 176.019, 0.192, 359.544, 359.544, 359.544, , 90.047, 60.316, 35.316, 35.987, 7.379, 16.063, 0, 0, 65.483, 67.032, 65.483, 67.032, 1, 69.894, 69.894, 0.025, 0.034, 1524.628, 1560.635, 1524.628, 1560.635, 5.363, 7.379, 16.063, , , 1, 2.097, 0, 0, 12.5, 3.168, 165, 100, 100, 0, 74, 18.64, 20.499, 102.315, 102.55, 100, 100, 0, 23.968, 23.968, 100, 4.411, 104.437, 104.437, 114.937, 114.937, 59.65, 5.1, 5.1, 0, 0, 0, 14, 0, 12.5, 0, 3.168, 165, 100, 100, 0, 74, 1.008, 0.019, 0.021, 102.315, 102.55, 100, 100, 0, 141, 23.968, 23.968, 100, 4.411, 0, 104.437, 104.437, 114.937, 114.937, 59.65, 0, 0, 5.1, 5.1, 
2.1, 20.08, 100.388, 66.2, 66.88, , 15.158, 0.977, 181.013, 181.013, 1.066, 362.041, 362.041, 362.041, 18.649, 72.216, 60.488, 35.244, 36.131, 7.378, 15.951, 0, 0, 66.629, 68.205, 66.629, 68.205, 1, 70.635, 70.635, 0.025, 0.034, 191.16, 195.673, 191.16, 195.673, 5.409, 7.378, 15.951, , , 1, 2.147, 0, 0, 12.5, 3.184, 165, 100, 100, 0, 74, 18.666, 20.525, 102.184, 102.546, 100, 100, 0, 24, 24, 100, 4.41, 104.549, 104.549, 115.044, 115.044, 59.818, 5.1, 5.1, 0, 0, 0, 14, 0, 12.5, 0, 3.184, 165, 100, 100, 0, 74, 1.008, 0.019, 0.021, 102.184, 102.546, 100, 100, 0, 141, 24, 24, 100, 4.41, 0, 104.549, 104.549, 115.044, 115.044, 59.818, 0, 0, 5.1, 5.1, 
2.15, 20.08, 100.387, 66.2, 66.88, , 15.186, 0.977, 186.089, 186.089, 1.94, 362.731, 362.731, 362.731, 31.318, 54.385, 60.659, 35.107, 35.94, 7.378, 15.802, 0, 0, 67.453, 69.046, 67.453, 69.046, 1, 71.375, 71.375, 0.025, 0.034, 155.202, 158.866, 155.202, 158.866, 5.456, 7.378, 15.802, , , 1, 2.197, 0, 0, 12.5, 3.209, 165, 100, 100, 0, 74, 18.699, 20.553, 102.097, 102.528, 100, 100, 0, 24, 24, 100, 4.411, 104.791, 104.791, 115.262, 115.262, 60.754, 5.1, 5.1, 0, 0, 0, 14, 0, 12.5, 0, 3.209, 165, 100, 100, 0, 74, 1.008, 0.019, 0.021, 102.097, 102.528, 100, 100, 0, 141, 24, 24, 100, 4.411, 0, 104.791, 104.791, 115.262, 115.262, 60.754, 0, 0, 5.1, 5.1, 
2.2, 20.08, 100.387, 66.2, 66.88, , 15.241, 0.977, 191.211, 191.211, 2.523, 364.046, 364.046, 364.046, 34.398, 55.84, 60.83, 34.965, 35.728, 7.377, 15.604, 0, 0, 68.399, 70.014, 68.399, 70.014, 1, 72.123, 72.123, 0.025, 0.033, 150.211, 153.757, 150.211, 153.757, 5.503, 7.377, 15.604, , , 1, 2.247, 0, 0, 12.5, 3.234, 165, 100, 100, 0, 74, 18.732, 20.581, 102.009, 102.51, 100, 100, 0, 24, 24, 100, 4.412, 105.034, 105.034, 115.481, 115.481, 61.69, 5.1, 5.1, 0, 0, 0, 14, 0, 12.5, 0, 3.234, 165, 100, 100, 0, 74, 1.008, 0.019, 0.021, 102.009, 102.51, 100, 100, 0, 141, 24, 24, 100, 4.412, 0, 105.034, 105.034, 115.481, 115.481, 61.69, 0, 0, 5.1, 5.1, 
2.25, 20.08, 100.387, 66.2, 66.88, , 15.274, 0.977, 196.399, 196.399, 2.51, 364.85, 364.85, 364.85, 32.875, 61.809, 61.001, 34.823, 35.515, 7.377, 15.428, 0, 0, 69.257, 70.893, 69.257, 70.893, 1, 72.869, 72.869, 0.025, 0.033, 154.874, 158.53, 154.874, 158.53, 5.524, 7.377, 15.428, , , 1, 2.297, 0, 0, 12.5, 3.259, 165, 100, 100, 0, 74, 18.765, 20.61, 101.922, 102.493, 100, 100, 0, 24, 24, 100, 4.413, 105.277, 105.277, 115.699, 115.699, 62.626, 5.1, 5.1, 0, 0, 0, 14, 0, 12.5, 0, 3.259, 165, 100, 100, 0, 74, 1.008, 0.019, 0.021, 101.922, 102.493, 100, 100, 0, 141, 24, 24, 100, 4.413, 0, 105.277, 105.277, 115.699, 115.699, 62.626, 0, 0, 5.1, 5.1, 
2.3, 20.08, 100.386, 66.2, 66.883, , 15.342, 0.977, 201.659, 201.659, 2.44, 366.48, 366.48, 366.48, 31.1, 62.77, 61.173, 34.682, 35.302, 7.377, 15.283, 0, 0, 70.281, 71.941, 70.281, 71.941, 1, 73.611, 73.611, 0.025, 0.033, 161.895, 165.719, 161.895, 165.719, 5.532, 7.377, 15.283, , , 1, 2.347, 0, 0, 12.5, 3.283, 165, 100, 100, 0, 74, 18.798, 20.638, 101.834, 102.475, 100, 100, 0, 24, 24, 100, 4.414, 105.519, 105.519, 115.917, 115.917, 63.562, 5.1, 5.1, 0, 0, 0, 14, 0, 12.5, 0, 3.283, 165, 100, 100, 0, 74, 1.008, 0.019, 0.021, 101.834, 102.475, 100, 100, 0, 141, 24, 24, 100, 4.414, 0, 105.519, 105.519, 115.917, 115.917, 63.562, 0, 0, 5.1, 5.1, 
2.35, 20.08, 100.386, 66.2, 66.885, , 15.333, 0.977, 206.966, 206.966, 2.37, 366.296, 366.296, 366.296, 29.862, 63.731, 61.344, 34.54, 35.09, 7.377, 15.228, 0, 0, 70.962, 72.638, 70.962, 72.638, 1, 74.362, 74.362, 0.025, 0.033, 168.525, 172.508, 168.525, 172.508, 5.54, 7.377, 15.228, , , 1, 2.397, 0, 0, 12.5, 3.308, 165, 100, 100, 0, 74, 18.831, 20.666, 101.747, 102.457, 100, 100, 0, 24, 24, 100, 4.415, 105.762, 105.762, 116.136, 116.136, 64.498, 5.1, 5.1, 0, 0, 0, 14, 0, 12.5, 0, 3.308, 165, 100, 100, 0, 74, 1.008, 0.019, 0.021, 101.747, 102.457, 100, 100, 0, 141, 24, 24, 100, 4.415, 0, 105.762, 105.762, 116.136, 116.136, 64.498, 0, 0, 5.1, 5.1, 
2.4, 20.08, 100.386, 66.2, 66.887, , 15.411, 0.977, 212.273, 212.273, 2.299, 368.174, 368.174, 368.174, 28.65, 64.691, 61.515, 34.614, 35.438, 7.377, 15.319, 0, 0, 72.056, 73.759, 72.056, 73.759, 1, 75.114, 75.114, 0.025, 0.033, 176.657, 180.831, 176.657, 180.831, 5.548, 7.377, 15.319, , , 1, 2.447, 0, 0, 12.5, 3.333, 165, 100, 100, 0, 74, 18.864, 20.694, 101.659, 102.439, 100, 100, 0, 24, 24, 100, 4.416, 106.005, 106.005, 116.354, 116.354, 65.434, 5.1, 5.1, 0, 0, 0, 14, 0, 12.5, 0, 3.333, 165, 100, 100, 0, 74, 1.008, 0.019, 0.021, 101.659, 102.439, 100, 100, 0, 141, 24, 24, 100, 4.416, 0, 106.005, 106.005, 116.354, 116.354, 65.434, 0, 0, 5.1, 5.1, 
2.45, 20.08, 100.385, 66.2, 66.89, , 15.456, 0.977, 217.711, 217.711, 2.229, 369.255, 369.255, 369.255, 27.456, 65.652, 61.687, 34.724, 35.877, 7.377, 15.504, 0, 0, 72.988, 74.712, 72.988, 74.712, 1, 75.871, 75.871, 0.025, 0.033, 184.812, 189.179, 184.812, 189.179, 5.559, 7.377, 15.504, , , 1, 2.497, 0, 0, 12.5, 3.358, 165, 100, 100, 0, 74, 18.897, 20.722, 101.572, 102.421, 100, 100, 0, 24, 24, 100, 4.417, 106.248, 106.248, 116.573, 116.573, 66.369, 5.1, 5.1, 0, 0, 0, 14, 0, 12.5, 0, 3.358, 165, 100, 100, 0, 74, 1.008, 0.019, 0.021, 101.572, 102.421, 100, 100, 0, 141, 24, 24, 100, 4.417, 0, 106.248, 106.248, 116.573, 116.573, 66.369, 0, 0, 5.1, 5.1, 
2.5, 20.08, 100.385, 66.2, 66.892, , 15.474, 0.977, 223.237, 223.237, 2.159, 369.689, 369.689, 369.689, 26.296, 66.613, 61.858, 34.834, 36.316, 7.377, 15.856, 0, 0, 73.808, 75.551, 73.808, 75.551, 1, 76.623, 76.623, 0.025, 0.033, 193.349, 197.918, 193.349, 197.918, 5.572, 7.377, 15.856, , , 1, 2.547, 0, 0, 12.5, 3.383, 165, 100, 100, 0, 74, 18.93, 20.751, 101.485, 102.403, 100, 100, 0, 24, 24, 100, 4.418, 106.49, 106.49, 116.791, 116.791, 67.305, 5.1, 5.1, 0, 0, 0, 14, 0, 12.5, 0, 3.383, 165, 100, 100, 0, 74, 1.008, 0.019, 0.021, 101.485, 102.403, 100, 100, 0, 141, 24, 24, 100, 4.418, 0, 106.49, 106.49, 116.791, 116.791, 67.305, 0, 0, 5.1, 5.1, 
2.55, 20.08, 100.384, 66.2, 66.894, , 15.478, 0.977, 228.719, 228.719, 2.089, 369.824, 369.824, 369.824, 25.145, 67.574, 62.029, 34.944, 36.755, 7.377, 16.271, 0, 0, 74.558, 76.319, 74.558, 76.319, 1, 77.383, 77.383, 0.025, 0.033, 202.195, 206.973, 202.195, 206.973, 5.584, 7.377, 16.271, , , 1, 2.597, 0, 0, 12.5, 3.408, 165, 100, 100, 0, 74, 18.963, 20.779, 101.397, 102.385, 100, 100, 0, 24, 24, 100, 4.419, 106.733, 106.733, 117.01, 117.01, 68.241, 5.1, 5.1, 0, 0, 0, 14, 0, 12.5, 0, 3.408, 165, 100, 100, 0, 74, 1.008, 0.019, 0.021, 101.397, 102.385, 100, 100, 0, 141, 24, 24, 100, 4.419, 0, 106.733, 106.733, 117.01, 117.01, 68.241, 0, 0, 5.1, 5.1, 
2.6, 20.08, 100.384, 66.2, 66.896, , 15.496, 0.977, 234.278, 234.278, 2.019, 370.261, 370.261, 370.261, 24.023, 68.535, 62.2, 35.053, 37.194, 7.377, 16.807, 0, 0, 75.373, 77.152, 75.373, 77.152, 1, 78.139, 78.139, 0.025, 0.033, 211.869, 216.874, 211.869, 216.874, 5.597, 7.377, 16.807, , , 1, 2.647, 0, 0, 12.5, 3.433, 165, 100, 100, 0, 74, 18.996, 20.807, 101.31, 102.367, 100, 100, 0, 24, 24, 100, 4.42, 106.976, 106.976, 117.228, 117.228, 69.177, 5.1, 5.1, 0, 0, 0, 14, 0, 12.5, 0, 3.433, 165, 100, 100, 0, 74, 1.008, 0.019, 0.021, 101.31, 102.367, 100, 100, 0, 141, 24, 24, 100, 4.42, 0, 106.976, 106.976, 117.228, 117.228, 69.177, 0, 0, 5.1, 5.1, 
2.65, 20.08, 100.384, 66.2, 66.899, , 15.489, 0.977, 239.935, 239.935, 1.949, 370.127, 370.127, 370.127, 22.909, 69.496, 62.372, 35.094, 36.848, 7.377, 17.332, 0, 0, 76.079, 77.876, 76.079, 77.876, 1, 78.906, 78.906, 0.025, 0.033, 222.039, 227.285, 222.039, 227.285, 5.612, 7.377, 17.332, , , 1, 2.697, 0, 0, 12.5, 3.457, 165, 100, 100, 0, 74, 19.029, 20.835, 101.222, 102.349, 100, 100, 0, 24, 24, 100, 4.421, 107.218, 107.218, 117.447, 117.447, 70.113, 5.1, 5.1, 0, 0, 0, 14, 0, 12.5, 0, 3.457, 165, 100, 100, 0, 74, 1.008, 0.019, 0.021, 101.222, 102.349, 100, 100, 0, 141, 24, 24, 100, 4.421, 0, 107.218, 107.218, 117.447, 117.447, 70.113, 0, 0, 5.1, 5.1, 
2.7, 20.08, 100.383, 66.2, 66.901, , 15.48, 0.977, 247.966, 247.966, 1.879, 369.932, 369.932, 369.932, 21.57, 70.457, 62.543, 35.13, 36.452, 7.377, 17.837, 0, 0, 77.067, 78.887, 77.067, 78.887, 1, 79.851, 79.851, 0.025, 0.033, 238.056, 243.68, 238.056, 243.68, 5.633, 7.377, 17.837, , , 1, 2.747, 0, 0, 12.5, 3.482, 165, 100, 100, 0, 74, 19.062, 20.863, 101.135, 102.331, 100, 100, 0, 24, 24, 100, 4.422, 107.461, 107.461, 117.665, 117.665, 71.049, 5.1, 5.1, 0, 0, 0, 14, 0, 12.5, 0, 3.482, 165, 100, 100, 0, 74, 1.008, 0.019, 0.021, 101.135, 102.331, 100, 100, 0, 141, 24, 24, 100, 4.422, 0, 107.461, 107.461, 117.665, 117.665, 71.049, 0, 0, 5.1, 5.1, 
2.75, 20.08, 100.383, 66.2, 66.903, , 15.498, 0.977, 253.698, 253.698, 1.808, 370.397, 370.397, 370.397, 20.36, 71.418, 62.714, 35.166, 36.056, 7.377, 18.327, 0, 0, 77.89, 79.729, 77.89, 79.729, 1, 80.72, 80.72, 0.025, 0.033, 250.729, 256.651, 250.729, 256.651, 5.654, 7.377, 18.327, , , 1, 2.797, 0, 0, 12.5, 3.507, 165, 100, 100, 0, 74, 19.095, 20.891, 101.047, 102.313, 100, 100, 0, 24, 24, 100, 4.423, 107.704, 107.704, 117.883, 117.883, 71.985, 5.1, 5.1, 0, 0, 0, 14, 0, 12.5, 0, 3.507, 165, 100, 100, 0, 74, 1.008, 0.019, 0.021, 101.047, 102.313, 100, 100, 0, 141, 24, 24, 100, 4.423, 0, 107.704, 107.704, 117.883, 117.883, 71.985, 0, 0, 5.1, 5.1, 
2.8, 20.08, 100.383, 66.2, 66.906, , 15.49, 0.977, 259.535, 259.535, 1.738, 370.213, 370.213, 370.213, 19.326, 72.379, 62.886, 35.202, 35.66, 7.377, 18.785, 0, 0, 78.582, 80.438, 78.582, 80.438, 1, 81.48, 81.48, 0.025, 0.033, 264.09, 270.327, 264.09, 270.327, 5.674, 7.377, 18.785, , , 1, 2.847, 0, 0, 12.5, 3.532, 165, 100, 100, 0, 74, 19.129, 20.92, 100.96, 102.295, 100, 100, 0, 24, 24, 100, 4.424, 107.947, 107.947, 118.102, 118.102, 72.92, 5.1, 5.1, 0, 0, 0, 14, 0, 12.5, 0, 3.532, 165, 100, 100, 0, 74, 1.008, 0.019, 0.021, 100.96, 102.295, 100, 100, 0, 141, 24, 24, 100, 4.424, 0, 107.947, 107.947, 118.102, 118.102, 72.92, 0, 0, 5.1, 5.1, 
2.85, 20.08, 100.382, 66.2, 66.908, , 15.483, 0.977, 265.373, 265.373, 1.668, 370.077, 370.077, 370.077, 18.313, 73.34, 63.057, 35.238, 35.264, 7.377, 19.218, 0, 0, 79.279, 81.152, 79.279, 81.152, 1, 82.239, 82.239, 0.025, 0.033, 278.583, 285.162, 278.583, 285.162, 5.697, 7.377, 19.218, , , 1, 2.897, 0, 0, 12.5, 3.557, 165, 100, 100, 0, 74, 19.162, 20.948, 100.872, 102.277, 100, 100, 0, 24, 24, 100, 4.425, 108.189, 108.189, 118.32, 118.32, 73.856, 5.1, 5.1, 0, 0, 0, 14, 0, 12.5, 0, 3.557, 165, 100, 100, 0, 74, 1.008, 0.019, 0.021, 100.872, 102.277, 100, 100, 0, 141, 24, 24, 100, 4.425, 0, 108.189, 108.189, 118.32, 118.32, 73.856, 0, 0, 5.1, 5.1, 
2.9, 20.08, 100.382, 66.2, 66.91, , 15.452, 0.977, 271.339, 271.339, 1.598, 369.352, 369.352, 369.352, 17.32, 74.301, 63.228, 35.342, 35.24, 7.377, 19.586, 0, 0, 79.855, 81.742, 79.855, 81.742, 1, 82.995, 82.995, 0.025, 0.033, 294.179, 301.126, 294.179, 301.126, 5.758, 7.377, 19.586, , , 1, 2.947, 0, 0, 12.5, 3.582, 165, 100, 100, 0, 74, 19.195, 20.976, 100.785, 102.259, 100, 100, 0, 24, 24, 100, 4.426, 108.432, 108.432, 118.539, 118.539, 74.792, 5.1, 5.1, 0, 0, 0, 14, 0, 12.5, 0, 3.582, 165, 100, 100, 0, 74, 1.008, 0.019, 0.021, 100.785, 102.259, 100, 100, 0, 141, 24, 24, 100, 4.426, 0, 108.432, 108.432, 118.539, 118.539, 74.792, 0, 0, 5.1, 5.1, 
2.95, 20.08, 100.381, 66.2, 66.912, , 15.407, 0.977, 277.326, 277.326, 1.528, 368.319, 368.319, 368.319, 16.349, 75.261, 63.399, 35.45, 35.24, 7.377, 19.972, 0, 0, 80.354, 82.253, 80.354, 82.253, 1, 83.746, 83.746, 0.025, 0.033, 311.071, 318.418, 311.071, 318.418, 5.82, 7.377, 19.972, , , 1, 2.997, 0, 0, 12.5, 3.606, 165, 100, 100, 0, 74, 19.228, 21.004, 100.697, 102.241, 100, 100, 0, 24, 24, 100, 4.427, 108.675, 108.675, 118.757, 118.757, 75.728, 5.1, 5.1, 0, 0, 0, 14, 0, 12.5, 0, 3.606, 165, 100, 100, 0, 74, 1.008, 0.019, 0.021, 100.697, 102.241, 100, 100, 0, 141, 24, 24, 100, 4.427, 0, 108.675, 108.675, 118.757, 118.757, 75.728, 0, 0, 5.1, 5.1, 
3, 20.08, 100.381, 66.2, 66.915, , 15.331, 0.977, 283.313, 283.313, 1.458, 366.539, 366.539, 366.539, 15.378, 76.222, 63.571, 35.558, 35.24, 7.377, 20.411, 0, 0, 80.677, 82.583, 80.677, 82.583, 1, 84.508, 84.508, 0.025, 0.033, 328.826, 336.593, 328.826, 336.593, 5.881, 7.377, 20.411, , , 1, 3.047, 0, 0, 12.5, 3.631, 165, 100, 100, 0, 74, 19.261, 21.032, 100.61, 102.223, 100, 100, 0, 24, 24, 100, 4.428, 108.917, 108.917, 118.976, 118.976, 76.664, 5.1, 5.1, 0, 0, 0, 14, 0, 12.5, 0, 3.631, 165, 100, 100, 0, 74, 1.008, 0.019, 0.021, 100.61, 102.223, 100, 100, 0, 141, 24, 24, 100, 4.428, 0, 108.917, 108.917, 118.976, 118.976, 76.664, 0, 0, 5.1, 5.1, 
3.05, 20.08, 100.381, 66.2, 66.917, , 15.282, 0.977, 289.417, 289.417, 1.388, 365.403, 365.403, 365.403, 14.444, 77.183, 63.742, 35.666, 35.24, 7.377, 20.834, 0, 0, 81.146, 83.063, 81.146, 83.063, 1, 85.25, 85.25, 0.025, 0.033, 349.465, 357.719, 349.465, 357.719, 5.942, 7.377, 20.834, , , 1, 3.097, 0, 0, 12.5, 3.656, 165, 100, 100, 0, 74, 19.294, 21.061, 100.522, 102.205, 100, 100, 0, 24, 24, 100, 4.429, 109.16, 109.16, 119.194, 119.194, 77.6, 5.1, 5.1, 0, 0, 0, 14, 0, 12.5, 0, 3.656, 165, 100, 100, 0, 74, 1.008, 0.019, 0.021, 100.522, 102.205, 100, 100, 0, 141, 24, 24, 100, 4.429, 0, 109.16, 109.16, 119.194, 119.194, 77.6, 0, 0, 5.1, 5.1, 
3.1, 20.08, 100.38, 66.2, 66.919, , 15.234, 0.977, 295.562, 295.562, 1.317, 364.277, 364.277, 364.277, 13.518, 78.144, 63.913, 35.774, 35.24, 7.377, 21.209, 0, 0, 81.603, 83.529, 81.603, 83.529, 1, 85.997, 85.997, 0.025, 0.033, 372.617, 381.418, 372.617, 381.418, 5.977, 7.377, 21.209, , , 1, 3.147, 0, 0, 12.5, 3.681, 165, 100, 100, 0, 74, 19.327, 21.089, 100.435, 102.187, 100, 100, 0, 24, 24, 100, 4.43, 109.403, 109.403, 119.413, 119.413, 78.536, 5.1, 5.1, 0, 0, 0, 14, 0, 12.5, 0, 3.681, 165, 100, 100, 0, 74, 1.008, 0.019, 0.021, 100.435, 102.187, 100, 100, 0, 141, 24, 24, 100, 4.43, 0, 109.403, 109.403, 119.413, 119.413, 78.536, 0, 0, 5.1, 5.1, 
3.15, 20.08, 100.38, 66.2, 66.922, , 15.177, 0.977, 301.783, 301.783, 1.247, 362.951, 362.951, 362.951, 12.6, 79.105, 64.085, 35.715, 35.547, 7.377, 21.567, 0, 0, 82.016, 83.95, 82.016, 83.95, 1, 86.749, 86.749, 0.025, 0.033, 398.648, 408.064, 398.648, 408.064, 6.012, 7.377, 21.567, , , 1, 3.197, 0, 0, 12.5, 3.722, 165.028, 100, 100, 0, 74, 19.332, 21.095, 100.249, 102.077, 100, 100, 0, 24.098, 24.07, 100, 4.43, 109.577, 109.577, 119.605, 119.605, 79.43, 5.1, 5.1, 0, 0, 0, 13.999, 0, 12.5, 0, 3.722, 165.028, 100, 100, 0, 74, 1.008, 0.019, 0.021, 100.249, 102.077, 100, 100, 0, 141, 24.098, 24.07, 100, 4.43, 0, 109.577, 109.577, 119.605, 119.605, 79.43, 0, 0, 5.1, 5.1, 
3.2, 20.08, 100.38, 66.2, 66.924, , 15.127, 0.977, 308.094, 308.094, 1.177, 361.801, 361.801, 361.801, 11.713, 80.066, 64.256, 35.647, 35.873, 7.377, 21.858, 0, 0, 82.463, 84.408, 82.463, 84.408, 1, 87.485, 87.485, 0.025, 0.033, 428.279, 438.395, 428.279, 438.395, 6.047, 7.377, 21.858, , , 1, 3.247, 0, 0, 12.5, 3.775, 165.074, 100, 100, 0, 74, 19.318, 21.085, 99.998, 101.905, 100, 100, 0, 24.26, 24.186, 100, 4.429, 109.705, 109.705, 119.779, 119.779, 80.298, 5.1, 5.1, 0, 0, 0, 13.996, 0, 12.5, 0, 3.775, 165.074, 100, 100, 0, 74, 1.008, 0.019, 0.021, 99.998, 101.905, 100, 100, 0, 141, 24.26, 24.186, 100, 4.429, 0, 109.705, 109.705, 119.779, 119.779, 80.298, 0, 0, 5.1, 5.1, 
3.25, 20.08, 100.38, 66.2, 66.926, , 15.089, 0.977, 314.405, 314.405, 1.107, 360.92, 360.92, 360.92, 10.835, 81.027, 64.427, 35.578, 36.199, 7.377, 22.117, 0, 0, 82.956, 84.914, 82.956, 84.914, 1, 88.225, 88.225, 0.025, 0.033, 462.733, 473.661, 462.733, 473.661, 6.082, 7.377, 22.117, , , 1, 3.297, 0, 0, 12.5, 3.827, 165.121, 100, 100, 0, 74, 19.304, 21.076, 99.747, 101.734, 100, 100, 0, 24.423, 24.302, 100, 4.429, 109.833, 109.833, 119.953, 119.953, 81.165, 5.1, 5.1, 0, 0, 0, 13.994, 0, 12.5, 0, 3.827, 165.121, 100, 100, 0, 74, 1.008, 0.019, 0.021, 99.747, 101.734, 100, 100, 0, 141, 24.423, 24.302, 100, 4.429, 0, 109.833, 109.833, 119.953, 119.953, 81.165, 0, 0, 5.1, 5.1, 
3.3, 20.08, 100.38, 66.2, 66.928, , 15.033, 0.977, 320.715, 320.715, 1.037, 359.617, 359.617, 359.617, 9.962, 81.988, 64.598, 35.509, 36.526, 7.377, 22.23, 0, 0, 83.343, 85.311, 83.343, 85.311, 1, 88.973, 88.973, 0.025, 0.033, 501.562, 513.407, 501.562, 513.407, 6.112, 7.377, 22.23, , , 1, 3.347, 0, 0, 12.5, 3.88, 165.167, 100, 100, 0, 74, 19.291, 21.067, 99.496, 101.562, 100, 100, 0, 24.586, 24.419, 100, 4.428, 109.96, 109.96, 120.128, 120.128, 82.032, 5.1, 5.1, 0, 0, 0, 13.992, 0, 12.5, 0, 3.88, 165.167, 100, 100, 0, 74, 1.007, 0.019, 0.021, 99.496, 101.562, 100, 100, 0, 141, 24.586, 24.419, 100, 4.428, 0, 109.96, 109.96, 120.128, 120.128, 82.032, 0, 0, 5.1, 5.1, 
3.35, 20.08, 100.38, 66.2, 66.931, , 14.989, 0.977, 327.159, 327.159, 0.967, 358.593, 358.593, 358.593, 9.116, 82.949, 64.77, 35.441, 36.852, 7.377, 22.331, 0, 0, 83.794, 85.774, 83.794, 85.774, 1, 89.705, 89.705, 0.025, 0.033, 547.728, 560.665, 547.728, 560.665, 6.14, 7.377, 22.331, , , 1, 3.397, 0, 0, 12.5, 3.932, 165.214, 100, 100, 0, 74, 19.277, 21.058, 99.245, 101.391, 100, 100, 0, 24.749, 24.535, 100, 4.428, 110.088, 110.088, 120.302, 120.302, 82.899, 5.1, 5.1, 0, 0, 0, 13.989, 0, 12.5, 0, 3.932, 165.214, 100, 100, 0, 74, 1.007, 0.019, 0.021, 99.245, 101.391, 100, 100, 0, 141, 24.749, 24.535, 100, 4.428, 0, 110.088, 110.088, 120.302, 120.302, 82.899, 0, 0, 5.1, 5.1, 
3.4, 20.08, 100.38, 66.2, 66.933, , 14.933, 0.977, 333.646, 333.646, 0.896, 357.291, 357.291, 357.291, 8.278, 83.91, 64.941, 35.394, 36.91, 7.378, 22.363, 0, 0, 84.174, 86.164, 84.174, 86.164, 1, 90.439, 90.439, 0.025, 0.033, 603.308, 617.557, 603.308, 617.557, 6.169, 7.378, 22.363, , , 1, 3.447, 0, 0, 12.5, 3.985, 165.26, 100, 100, 0, 74, 19.263, 21.049, 98.993, 101.219, 100, 100, 0, 24.912, 24.651, 100, 4.427, 110.216, 110.216, 120.477, 120.477, 83.766, 5.1, 5.1, 0, 0, 0, 13.987, 0, 12.5, 0, 3.985, 165.26, 100, 100, 0, 74, 1.007, 0.019, 0.021, 98.993, 101.219, 100, 100, 0, 141, 24.912, 24.651, 100, 4.427, 0, 110.216, 110.216, 120.477, 120.477, 83.766, 0, 0, 5.1, 5.1, 
3.45, 20.08, 100.38, 66.2, 66.935, , 14.893, 0.977, 340.243, 340.243, 0.826, 356.368, 356.368, 356.368, 7.457, 84.871, 65.112, 35.356, 36.854, 7.378, 22.39, 0, 0, 84.644, 86.643, 84.644, 86.643, 1, 91.171, 91.171, 0.025, 0.033, 670.9, 686.744, 670.9, 686.744, 6.197, 7.378, 22.39, , , 1, 3.497, 0, 0, 12.5, 4.037, 165.307, 100, 100, 0, 74, 19.249, 21.04, 98.742, 101.047, 100, 100, 0, 25.074, 24.767, 100, 4.427, 110.344, 110.344, 120.651, 120.651, 84.634, 5.1, 5.1, 0, 0, 0, 13.985, 0, 12.5, 0, 4.037, 165.307, 100, 100, 0, 74, 1.007, 0.019, 0.021, 98.742, 101.047, 100, 100, 0, 141, 25.074, 24.767, 100, 4.427, 0, 110.344, 110.344, 120.651, 120.651, 84.634, 0, 0, 5.1, 5.1, 
3.5, 20.08, 100.38, 66.2, 66.938, , 14.844, 0.977, 346.781, 346.781, 0.756, 355.213, 355.213, 355.213, 6.637, 85.831, 65.284, 35.318, 36.797, 7.379, 22.39, 0, 0, 85.04, 87.049, 85.04, 87.049, 1, 91.911, 91.911, 0.025, 0.033, 753.758, 771.56, 753.758, 771.56, 6.227, 7.379, 22.39, , , 1, 3.547, 0, 0, 12.5, 4.09, 165.353, 100, 100, 0, 74, 19.236, 21.031, 98.491, 100.876, 100, 100, 0, 25.237, 24.884, 100, 4.426, 110.472, 110.472, 120.826, 120.826, 85.501, 5.1, 5.1, 0, 0, 0, 13.982, 0, 12.5, 0, 4.09, 165.353, 100, 100, 0, 74, 1.007, 0.019, 0.021, 98.491, 100.876, 100, 100, 0, 141, 25.237, 24.884, 100, 4.426, 0, 110.472, 110.472, 120.826, 120.826, 85.501, 0, 0, 5.1, 5.1, 
3.55, 20.08, 100.38, 66.2, 66.94, , 14.741, 0.977, 355.053, 355.053, 0.686, 352.812, 352.812, 352.812, 5.583, 86.792, 65.455, 35.28, 36.74, 7.379, 22.39, 0, 0, 85.288, 87.301, 85.288, 87.301, 1, 92.878, 92.878, 0.025, 0.033, 897.801, 919.006, 897.801, 919.006, 6.257, 7.379, 22.39, , , 1, 3.597, 0, 0, 12.5, 4.142, 165.4, 100, 100, 0, 74, 19.222, 21.022, 98.24, 100.704, 100, 100, 0, 25.4, 25, 100, 4.426, 110.6, 110.6, 121, 121, 86.368, 5.1, 5.1, 0, 0, 0, 13.98, 0, 12.5, 0, 4.142, 165.4, 100, 100, 0, 74, 1.006, 0.019, 0.021, 98.24, 100.704, 100, 100, 0, 141, 25.4, 25, 100, 4.426, 0, 110.6, 110.6, 121, 121, 86.368, 0, 0, 5.1, 5.1, 
3.6, 20.08, 100.38, 66.2, 66.941, , 14.661, 0.977, 362.459, 362.459, 0.616, 350.938, 350.938, 350.938, 4.799, 87.753, 65.626, 35.242, 36.683, 7.38, 22.39, 0, 0, 85.565, 87.585, 85.565, 87.585, 1, 93.604, 93.604, 0.025, 0.033, 1072.344, 1097.672, 1072.344, 1097.672, 6.288, 7.38, 22.39, , , 1, 3.647, 0, 0, 12.5, 4.195, 165.447, 100, 100, 0, 74, 19.208, 21.013, 97.989, 100.532, 100, 100, 0, 25.563, 25.116, 100, 4.426, 110.728, 110.728, 121.174, 121.174, 87.235, 5.1, 5.1, 0, 0, 0, 13.978, 0, 12.5, 0, 4.195, 165.447, 100, 100, 0, 74, 1.006, 0.019, 0.021, 97.989, 100.532, 100, 100, 0, 141, 25.563, 25.116, 100, 4.426, 0, 110.728, 110.728, 121.174, 121.174, 87.235, 0, 0, 5.1, 5.1, 
3.65, 20.08, 100.38, 66.2, 66.941, , 14.587, 0.977, 369.205, 369.205, 0.546, 349.2, 349.2, 349.2, 4.036, 88.714, 65.797, 35.308, 36.477, 7.38, 22.39, 0, 0, 85.801, 87.825, 85.801, 87.825, 1, 94.32, 94.32, 0.024, 0.033, 1313.585, 1344.61, 1313.585, 1344.61, 6.319, 7.38, 22.39, , , 1, 3.697, 0, 0, 12.5, 4.247, 165.493, 100, 100, 0, 74, 19.195, 21.004, 97.738, 100.361, 100, 100, 0, 25.726, 25.233, 100, 4.425, 110.856, 110.856, 121.349, 121.349, 88.102, 5.1, 5.1, 0, 0, 0, 13.975, 0, 12.5, 0, 4.247, 165.493, 100, 100, 0, 74, 1.006, 0.019, 0.021, 97.738, 100.361, 100, 100, 0, 141, 25.726, 25.233, 100, 4.425, 0, 110.856, 110.856, 121.349, 121.349, 88.102, 0, 0, 5.1, 5.1, 
3.7, 20.08, 100.38, 66.2, 66.942, , 14.518, 0.977, 376.072, 376.072, 0.476, 347.58, 347.58, 347.58, 3.276, 89.675, 65.969, 35.38, 36.261, 7.38, 22.39, 0, 0, 86.053, 88.084, 86.053, 88.084, 1, 95.04, 95.04, 0.024, 0.033, 1691.652, 1731.606, 1691.652, 1731.606, 6.34, 7.38, 22.39, , , 1, 3.746, 0, 0, 12.5, 4.3, 165.54, 100, 100, 0, 74, 19.181, 20.995, 97.487, 100.189, 100, 100, 0, 25.888, 25.349, 100, 4.425, 110.984, 110.984, 121.523, 121.523, 88.97, 5.1, 5.1, 0, 0, 0, 13.973, 0, 12.5, 0, 4.3, 165.54, 100, 100, 0, 74, 1.006, 0.019, 0.021, 97.487, 100.189, 100, 100, 0, 141, 25.888, 25.349, 100, 4.425, 0, 110.984, 110.984, 121.523, 121.523, 88.97, 0, 0, 5.1, 5.1, 
3.75, 20.08, 100.38, 66.2, 66.943, , 14.426, 0.977, 382.94, 382.94, 0.405, 345.423, 345.423, 345.423, 2.531, 90.636, 66.14, 35.452, 36.045, 7.379, 22.39, 0, 0, 86.159, 88.192, 86.159, 88.192, 1, 95.751, 95.751, 0.024, 0.033, 2562.378, 2622.898, 2562.378, 2622.898, 6.353, 7.379, 22.39, , , 1, 3.797, 0, 0, 12.5, 4.352, 165.586, 100, 100, 0, 74, 19.167, 20.986, 97.235, 100.017, 100, 100, 0, 26.051, 25.465, 100, 4.424, 111.112, 111.112, 121.698, 121.698, 89.837, 5.1, 5.1, 0, 0, 0, 13.971, 0, 12.5, 0, 4.352, 165.586, 100, 100, 0, 74, 1.006, 0.019, 0.021, 97.235, 100.017, 100, 100, 0, 141, 26.051, 25.465, 100, 4.424, 0, 111.112, 111.112, 121.698, 121.698, 89.837, 0, 0, 5.1, 5.1, 
3.8, 20.08, 100.38, 66.2, 66.944, , 14.355, 0.977, 389.808, 389.808, 0.335, 343.773, 343.773, 343.773, 1.836, 91.597, 66.311, 35.524, 35.829, 7.379, 22.39, 0, 0, 86.375, 88.413, 86.375, 88.413, 1, 96.452, 96.452, 0.024, 0.033, 8470.627, 8670.688, 8470.627, 8670.688, 6.367, 7.379, 22.39, , , 1, 3.847, 0, 0, 12.5, 4.405, 165.633, 100, 100, 0, 74, 19.153, 20.977, 96.984, 99.846, 100, 100, 0, 26.214, 25.581, 100, 4.424, 111.24, 111.24, 121.872, 121.872, 90.704, 5.1, 5.1, 0, 0, 0, 13.968, 0, 12.5, 0, 4.405, 165.633, 100, 100, 0, 74, 1.005, 0.019, 0.021, 96.984, 99.846, 100, 100, 0, 141, 26.214, 25.581, 100, 4.424, 0, 111.24, 111.24, 121.872, 121.872, 90.704, 0, 0, 5.1, 5.1, 
3.85, 20.08, 100.38, 66.2, 66.945, , 14.286, 0.977, 396.813, 396.813, 0.265, 342.153, 342.153, 342.153, 1.453, 92.558, 66.483, 35.596, 35.613, 7.378, 22.39, 0, 0, 86.594, 88.639, 86.594, 88.639, 1, 97.159, 97.159, 0.024, 0.033, 8980.059, 9192.152, 8980.059, 9192.152, 6.38, 7.378, 22.39, , , 1, 3.896, 0, 0, 12.5, 4.457, 165.679, 100, 100, 0, 74, 19.14, 20.968, 96.733, 99.674, 100, 100, 0, 26.377, 25.698, 100, 4.423, 111.367, 111.367, 122.047, 122.047, 91.571, 5.1, 5.1, 0, 0, 0, 13.966, 0, 12.5, 0, 4.457, 165.679, 100, 100, 0, 74, 1.005, 0.019, 0.021, 96.733, 99.674, 100, 100, 0, 141, 26.377, 25.698, 100, 4.423, 0, 111.367, 111.367, 122.047, 122.047, 91.571, 0, 0, 5.1, 5.1, 
3.9, 20.08, 100.38, 66.2, 66.945, , 14.178, 0.977, 403.813, 403.813, 0.195, 339.615, 339.615, 339.615, 1.68, 93.519, 66.654, 35.498, 35.498, 7.378, 22.39, 0, 0, 86.57, 88.615, 86.57, 88.615, 1, 97.864, 97.864, 0.024, 0.033, 8894.61, 9104.685, 8894.61, 9104.685, 6.399, 7.378, 22.39, , , 1, 3.947, 0, 0, 12.5, 4.509, 165.726, 100, 100, 0, 74, 19.126, 20.959, 96.482, 99.503, 100, 100, 0, 26.54, 25.814, 100, 4.423, 111.495, 111.495, 122.221, 122.221, 92.438, 5.1, 5.1, 0, 0, 0, 13.964, 0, 12.5, 0, 4.509, 165.726, 100, 100, 0, 74, 1.005, 0.019, 0.021, 96.482, 99.503, 100, 100, 0, 141, 26.54, 25.814, 100, 4.423, 0, 111.495, 111.495, 122.221, 122.221, 92.438, 0, 0, 5.1, 5.1, 
3.95, 20.08, 100.38, 66.2, 66.946, , 14.114, 0.977, 410.889, 410.889, 0.125, 338.118, 338.118, 338.118, 2.404, 94.48, 66.825, 35.39, 35.39, 7.377, 22.39, 0, 0, 86.801, 88.851, 86.801, 88.851, 1, 98.561, 98.561, 0.024, 0.033, 8555.762, 8757.834, 8555.762, 8757.834, 6.434, 7.377, 22.39, , , 1, 3.997, 0, 0, 12.5, 4.562, 165.772, 100, 100, 0, 74, 19.112, 20.949, 96.231, 99.331, 100, 100, 0, 26.702, 25.93, 100, 4.422, 111.623, 111.623, 122.395, 122.395, 93.306, 5.1, 5.1, 0, 0, 0, 13.961, 0, 12.5, 0, 4.562, 165.772, 100, 100, 0, 74, 1.005, 0.019, 0.021, 96.231, 99.331, 100, 100, 0, 141, 26.702, 25.93, 100, 4.422, 0, 111.623, 111.623, 122.395, 122.395, 93.306, 0, 0, 5.1, 5.1, 
4, 20.08, 100.38, 66.2, 66.947, , 14.038, 0.977, 418.107, 418.107, 0.055, 336.347, 336.347, 336.347, 3.724, 95.44, 66.996, 35.282, 35.282, 7.378, 22.39, 0, 0, 86.961, 89.015, 86.961, 89.015, 1, 99.247, 99.247, 0.024, 0.033, 7878.105, 8064.172, 7878.105, 8064.172, 6.469, 7.378, 22.39, , , 1, 4.047, 0, 0, 12.5, 4.614, 165.819, 100, 100, 0, 74, 19.099, 20.94, 95.98, 99.159, 100, 100, 0, 26.865, 26.047, 100, 4.422, 111.751, 111.751, 122.57, 122.57, 94.173, 5.1, 5.1, 0, 0, 0, 13.959, 0, 12.5, 0, 4.614, 165.819, 100, 100, 0, 74, 1.005, 0.019, 0.021, 95.98, 99.159, 100, 100, 0, 141, 26.865, 26.047, 100, 4.422, 0, 111.751, 111.751, 122.57, 122.57, 94.173, 0, 0, 5.1, 5.1, 
4.05, 20.08, 100.38, 66.2, 66.948, , 13.967, 0.977, 425.262, 425.262, 0.055, 334.684, 334.684, 334.684, 5.562, 95.47, 65.336, 35.174, 35.174, 7.378, 22.39, 0, 0, 87.131, 89.19, 87.131, 89.19, 1, 99.939, 99.939, 0.024, 0.033, 3727.408, 3815.443, 3727.408, 3815.443, 6.504, 7.378, 22.39, , , 1, 4.097, 0, 0, 12.5, 4.667, 165.865, 100, 100, 0, 74, 19.085, 20.931, 95.728, 98.988, 100, 100, 0, 27.028, 26.163, 100, 4.421, 111.879, 111.879, 122.744, 122.744, 95.04, 5.1, 5.1, 0, 0, 0, 13.957, 0, 12.5, 0, 4.667, 165.865, 100, 100, 0, 74, 1.005, 0.019, 0.021, 95.728, 98.988, 100, 100, 0, 141, 27.028, 26.163, 100, 4.421, 0, 111.879, 111.879, 122.744, 122.744, 95.04, 0, 0, 5.1, 5.1, 
4.1, 20.08, 100.38, 66.2, 66.948, , 13.904, 0.977, 432.413, 432.413, 0.302, 333.209, 333.209, 333.209, 7.72, 92.2, 57.182, 35.066, 35.066, 7.379, 22.39, 0, 0, 87.337, 89.4, 87.337, 89.4, 1, 100.617, 100.617, 0.025, 0.033, 748.992, 766.682, 748.992, 766.682, 6.539, 7.379, 22.39, , , 1, 4.147, 0, 0, 12.5, 4.719, 165.912, 100, 100, 0, 74, 19.071, 20.922, 95.477, 98.816, 100, 100, 0, 27.191, 26.279, 100, 4.421, 112.007, 112.007, 122.919, 122.919, 95.907, 5.1, 5.1, 0, 0, 0, 13.954, 0, 12.5, 0, 4.719, 165.912, 100, 100, 0, 74, 1.004, 0.019, 0.021, 95.477, 98.816, 100, 100, 0, 141, 27.191, 26.279, 100, 4.421, 0, 112.007, 112.007, 122.919, 122.919, 95.907, 0, 0, 5.1, 5.1, 
4.15, 20.08, 100.38, 66.2, 66.949, , 13.824, 0.977, 439.71, 439.71, 0.55, 331.336, 331.336, 331.336, 9.875, 88.929, 49.028, 34.925, 35.162, 7.379, 22.39, 0, 0, 87.436, 89.5, 87.436, 89.5, 1, 101.302, 101.302, 0.025, 0.033, 522.17, 534.501, 522.17, 534.501, 6.583, 7.379, 22.39, , , 1, 4.197, 0, 0, 12.5, 4.772, 165.958, 100, 100, 0, 74, 19.057, 20.913, 95.226, 98.644, 100, 100, 0, 27.353, 26.395, 100, 4.42, 112.135, 112.135, 123.093, 123.093, 96.775, 5.1, 5.1, 0, 0, 0, 13.952, 0, 12.5, 0, 4.772, 165.958, 100, 100, 0, 74, 1.004, 0.019, 0.021, 95.226, 98.644, 100, 100, 0, 141, 27.353, 26.395, 100, 4.42, 0, 112.135, 112.135, 123.093, 123.093, 96.775, 0, 0, 5.1, 5.1, 
4.2, 20.08, 100.38, 66.2, 66.95, , 13.736, 0.977, 447.04, 447.04, 0.798, 329.275, 329.275, 329.275, 12.019, 85.659, 53.97, 34.781, 35.27, 7.38, 22.39, 0, 0, 87.475, 89.539, 87.475, 89.539, 1, 101.987, 101.987, 0.025, 0.033, 405.5, 415.075, 405.5, 415.075, 6.626, 7.38, 22.39, , , 1, 4.247, 0, 0, 12.5, 4.824, 166.005, 100, 100, 0, 74, 19.044, 20.904, 94.975, 98.473, 100, 100, 0, 27.516, 26.512, 100, 4.42, 112.263, 112.263, 123.267, 123.267, 97.642, 5.1, 5.1, 0, 0, 0, 13.95, 0, 12.5, 0, 4.824, 166.005, 100, 100, 0, 74, 1.004, 0.019, 0.021, 94.975, 98.473, 100, 100, 0, 141, 27.516, 26.512, 100, 4.42, 0, 112.263, 112.263, 123.267, 123.267, 97.642, 0, 0, 5.1, 5.1, 
4.25, 20.08, 100.38, 66.2, 66.951, , 13.664, 0.977, 454.449, 454.449, 1.046, 327.591, 327.591, 327.591, 14.119, 82.388, , 34.637, 35.378, 7.38, 22.39, 0, 0, 87.603, 89.67, 87.603, 89.67, 1, 102.662, 102.662, 0.025, 0.033, 335.002, 342.912, 335.002, 342.912, 6.669, 7.38, 22.39, , , 1, 4.297, 0, 0, 12.5, 4.877, 166.051, 100, 100, 0, 74, 19.03, 20.895, 94.724, 98.301, 100, 100, 0, 27.679, 26.628, 100, 4.419, 112.391, 112.391, 123.442, 123.442, 98.509, 5.1, 5.1, 0, 0, 0, 13.947, 0, 12.5, 0, 4.877, 166.051, 100, 100, 0, 74, 1.004, 0.019, 0.021, 94.724, 98.301, 100, 100, 0, 141, 27.679, 26.628, 100, 4.419, 0, 112.391, 112.391, 123.442, 123.442, 98.509, 0, 0, 5.1, 5.1, 
4.3, 20.08, 100.38, 66.2, 66.951, , 13.568, 0.977, 461.953, 461.953, 1.294, 325.353, 325.353, 325.353, 16.184, 79.118, , 34.493, 35.486, 7.38, 22.39, 0, 0, 87.577, 89.643, 87.577, 89.643, 1, 103.329, 103.329, 0.025, 0.033, 285.688, 292.433, 285.688, 292.433, 6.713, 7.38, 22.39, , , 1, 4.347, 0, 0, 12.5, 4.929, 166.098, 100, 100, 0, 74, 19.016, 20.886, 94.473, 98.13, 100, 100, 0, 27.842, 26.744, 100, 4.419, 112.519, 112.519, 123.616, 123.616, 99.376, 5.1, 5.1, 0, 0, 0, 13.945, 0, 12.5, 0, 4.929, 166.098, 100, 100, 0, 74, 1.004, 0.019, 0.021, 94.473, 98.13, 100, 100, 0, 141, 27.842, 26.744, 100, 4.419, 0, 112.519, 112.519, 123.616, 123.616, 99.376, 0, 0, 5.1, 5.1, 
4.35, 20.08, 100.38, 66.2, 66.952, , 13.485, 0.977, 469.335, 469.335, 1.542, 323.391, 323.391, 323.391, 18.237, 75.847, , 34.349, 35.594, 7.38, 22.39, 0, 0, 87.605, 89.673, 87.605, 89.673, 1, 104, 104, 0.025, 0.033, 249.634, 255.529, 249.634, 255.529, 6.766, 7.38, 22.39, , , 1, 4.397, 0, 0, 12.5, 4.982, 166.144, 100, 100, 0, 74, 19.002, 20.877, 94.221, 97.958, 100, 100, 0, 28.005, 26.86, 100, 4.419, 112.647, 112.647, 123.791, 123.791, 100.243, 5.1, 5.1, 0, 0, 0, 13.943, 0, 12.5, 0, 4.982, 166.144, 100, 100, 0, 74, 1.003, 0.019, 0.021, 94.221, 97.958, 100, 100, 0, 141, 28.005, 26.86, 100, 4.419, 0, 112.647, 112.647, 123.791, 123.791, 100.243, 0, 0, 5.1, 5.1, 
4.4, 20.08, 100.38, 66.2, 66.953, , 13.448, 0.977, 476.963, 476.963, 1.79, 322.554, 322.554, 322.554, 20.257, 72.577, , 34.509, 35.871, 7.381, 22.39, 0, 0, 87.942, 90.017, 87.942, 90.017, 1, 104.663, 104.663, 0.025, 0.033, 222.764, 228.024, 222.764, 228.024, 6.819, 7.381, 22.39, , , 1, 4.447, 0, 0, 12.5, 5.034, 166.191, 100, 100, 0, 74, 18.989, 20.868, 93.97, 97.786, 100, 100, 0, 28.167, 26.977, 100, 4.418, 112.774, 112.774, 123.965, 123.965, 101.111, 5.1, 5.1, 0, 0, 0, 13.94, 0, 12.5, 0, 5.034, 166.191, 100, 100, 0, 74, 1.003, 0.019, 0.021, 93.97, 97.786, 100, 100, 0, 141, 28.167, 26.977, 100, 4.418, 0, 112.774, 112.774, 123.965, 123.965, 101.111, 0, 0, 5.1, 5.1, 
4.45, 20.08, 100.38, 66.2, 66.954, , 13.364, 0.977, 484.55, 484.55, 2.038, 320.575, 320.575, 320.575, 22.236, 69.306, , 34.689, 36.159, 7.382, 22.39, 0, 0, 87.954, 90.031, 87.954, 90.031, 1, 105.317, 105.317, 0.025, 0.033, 200.611, 205.348, 200.611, 205.348, 6.873, 7.382, 22.39, , , 1, 4.497, 0, 0, 12.5, 5.087, 166.237, 100, 100, 0, 74, 18.975, 20.859, 93.719, 97.615, 100, 100, 0, 28.33, 27.093, 100, 4.418, 112.902, 112.902, 124.14, 124.14, 101.978, 5.1, 5.1, 0, 0, 0, 13.938, 0, 12.5, 0, 5.087, 166.237, 100, 100, 0, 74, 1.003, 0.019, 0.021, 93.719, 97.615, 100, 100, 0, 141, 28.33, 27.093, 100, 4.418, 0, 112.902, 112.902, 124.14, 124.14, 101.978, 0, 0, 5.1, 5.1, 
4.5, 20.08, 100.38, 66.2, 66.954, , 13.265, 0.977, 494.32, 494.32, 2.285, 318.246, 318.246, 318.246, 24.221, 66.036, , 34.869, 36.447, 7.383, 22.39, 0, 0, 88.007, 90.086, 88.007, 90.086, 1, 106.055, 106.055, 0.025, 0.033, 177.979, 182.183, 177.979, 182.183, 6.926, 7.383, 22.39, , , 1, 4.547, 0, 0, 12.5, 5.139, 166.284, 100, 100, 0, 74, 18.961, 20.85, 93.468, 97.443, 100, 100, 0, 28.493, 27.209, 100, 4.417, 113.03, 113.03, 124.314, 124.314, 102.845, 5.1, 5.1, 0, 0, 0, 13.936, 0, 12.5, 0, 5.139, 166.284, 100, 100, 0, 74, 1.003, 0.019, 0.021, 93.468, 97.443, 100, 100, 0, 141, 28.493, 27.209, 100, 4.417, 0, 113.03, 113.03, 124.314, 124.314, 102.845, 0, 0, 5.1, 5.1, 
4.55, 20.08, 100.381, 66.2, 66.955, , 13.184, 0.977, 502.181, 502.181, 2.533, 316.356, 316.356, 316.356, 25.573, 62.765, , 35.049, 36.735, 7.384, 22.39, 0, 0, 88.031, 90.111, 88.031, 90.111, 1, 106.829, 106.829, 0.025, 0.033, 168.563, 172.544, 168.563, 172.544, 6.975, 7.384, 22.39, , , 1, 4.597, 0, 0, 12.5, 5.192, 166.33, 100, 100, 0, 74, 18.948, 20.841, 93.217, 97.271, 100, 100, 0, 28.656, 27.326, 100, 4.417, 113.158, 113.158, 124.488, 124.488, 103.712, 5.1, 5.1, 0, 0, 0, 13.933, 0, 12.5, 0, 5.192, 166.33, 100, 100, 0, 74, 1.003, 0.019, 0.021, 93.217, 97.271, 100, 100, 0, 141, 28.656, 27.326, 100, 4.417, 0, 113.158, 113.158, 124.488, 124.488, 103.712, 0, 0, 5.1, 5.1, 
4.6, 20.08, 100.381, 66.2, 66.956, , 13.087, 0.977, 509.964, 509.964, 2.781, 314.086, 314.086, 314.086, 26.562, 59.495, , 35.229, 37.023, 7.384, 22.39, 0, 0, 87.931, 90.008, 87.931, 90.008, 1, 107.479, 107.479, 0.025, 0.033, 160.819, 164.617, 160.819, 164.617, 7.024, 7.384, 22.39, , , 1, 4.647, 0, 0, 12.5, 5.244, 166.377, 100, 100, 0, 74, 18.934, 20.832, 92.966, 97.1, 100, 100, 0, 28.819, 27.442, 100, 4.416, 113.286, 113.286, 124.663, 124.663, 104.579, 5.1, 5.1, 0, 0, 0, 13.931, 0, 12.5, 0, 5.244, 166.377, 100, 100, 0, 74, 1.002, 0.019, 0.021, 92.966, 97.1, 100, 100, 0, 141, 28.819, 27.442, 100, 4.416, 0, 113.286, 113.286, 124.663, 124.663, 104.579, 0, 0, 5.1, 5.1, 
4.65, 20.08, 100.382, 66.2, 66.957, , 12.988, 0.977, 517.747, 517.747, 3.029, 311.764, 311.764, 311.764, 27.545, 56.224, , 35.342, 36.702, 7.384, 22.39, 0, 0, 87.809, 89.882, 87.809, 89.882, 1, 108.122, 108.122, 0.025, 0.033, 152.891, 156.503, 152.891, 156.503, 7.072, 7.384, 22.39, , , 1, 4.697, 0, 0, 12.5, 5.296, 166.423, 100, 100, 0, 74, 18.92, 20.822, 92.714, 96.928, 100, 100, 0, 28.981, 27.558, 100, 4.416, 113.414, 113.414, 124.837, 124.837, 105.447, 5.1, 5.1, 0, 0, 0, 13.929, 0, 12.5, 0, 5.296, 166.423, 100, 100, 0, 74, 1.002, 0.019, 0.021, 92.714, 96.928, 100, 100, 0, 141, 28.981, 27.558, 100, 4.416, 0, 113.414, 113.414, 124.837, 124.837, 105.447, 0, 0, 5.1, 5.1, 
4.7, 20.08, 100.382, 66.2, 66.957, , 12.914, 0.977, 525.531, 525.531, 3.277, 310.016, 310.016, 310.016, 28.519, 52.954, , 35.45, 36.342, 7.383, 22.39, 0, 0, 87.83, 89.903, 87.83, 89.903, 1, 108.757, 108.757, 0.025, 0.033, 145.564, 149.003, 145.564, 149.003, 7.12, 7.383, 22.39, , , 1, 4.747, 0, 0, 12.5, 5.349, 166.47, 100, 100, 0, 74, 18.906, 20.813, 92.463, 96.757, 100, 100, 0, 29.144, 27.674, 100, 4.415, 113.542, 113.542, 125.012, 125.012, 106.314, 5.1, 5.1, 0, 0, 0, 13.927, 0, 12.5, 0, 5.349, 166.47, 100, 100, 0, 74, 1.002, 0.019, 0.021, 92.463, 96.757, 100, 100, 0, 141, 29.144, 27.674, 100, 4.415, 0, 113.542, 113.542, 125.012, 125.012, 106.314, 0, 0, 5.1, 5.1, 
4.75, 20.08, 100.382, 66.2, 66.958, , 12.821, 0.977, 533.47, 533.47, 3.669, 307.847, 307.847, 307.847, , 64.239, , 35.558, 35.982, 7.382, 22.39, 0, 0, 87.73, 89.801, 87.73, 89.801, 1, 109.392, 109.392, 0.025, 0.033, , , , , 7.162, 7.382, 22.39, , , 1, 4.797, 0, 0, 12.5, 5.401, 166.516, 100, 100, 0, 74, 18.893, 20.804, 92.212, 96.585, 100, 100, 0, 29.307, 27.791, 100, 4.415, 113.67, 113.67, 125.186, 125.186, 107.181, 5.1, 5.1, 0, 0, 0, 13.924, 0, 12.5, 0, 5.401, 166.516, 100, 100, 0, 74, 1.002, 0.019, 0.021, 92.212, 96.585, 100, 100, 0, 141, 29.307, 27.791, 100, 4.415, 0, 113.67, 113.67, 125.186, 125.186, 107.181, 0, 0, 5.1, 5.1, 
4.8, 20.08, 100.383, 66.2, 66.959, , 12.739, 0.977, 541.398, 541.398, , 305.92, 305.92, 305.92, , , , 35.666, 35.622, 7.381, 22.388, 0, 0, 87.684, 89.754, 87.684, 89.754, 1, 110.019, 110.019, 0.025, 0.033, , , , , 7.199, 7.381, 22.388, , , 1, 4.847, 0, 0, 12.5, 5.454, 166.563, 100, 100, 0, 74, 18.879, 20.795, 91.961, 96.413, 100, 100, 0, 29.47, 27.907, 100, 4.414, 113.798, 113.798, 125.36, 125.36, 108.048, 5.1, 5.1, 0, 0, 0, 13.922, 0, 12.5, 0, 5.454, 166.563, 100, 100, 0, 74, 1.002, 0.019, 0.021, 91.961, 96.413, 100, 100, 0, 141, 29.47, 27.907, 100, 4.414, 0, 113.798, 113.798, 125.36, 125.36, 108.048, 0, 0, 5.1, 5.1, 
4.85, 20.08, 100.383, 66.2, 66.96, , 12.678, 0.977, 549.289, 549.289, , 304.504, 304.504, 304.504, , , , 35.774, 35.262, 7.38, 22.386, 0, 0, 87.767, 89.841, 87.767, 89.841, 1, 110.651, 110.651, 0.025, 0.033, , , , , 7.236, 7.38, 22.386, , , 1, 4.896, 0, 0, 12.5, 5.506, 166.609, 100, 100, 0, 74, 18.865, 20.786, 91.71, 96.242, 100, 100, 0, 29.633, 28.023, 100, 4.414, 113.926, 113.926, 125.535, 125.535, 108.915, 5.1, 5.1, 0, 0, 0, 13.92, 0, 12.5, 0, 5.506, 166.609, 100, 100, 0, 74, 1.002, 0.019, 0.021, 91.71, 96.242, 100, 100, 0, 141, 29.633, 28.023, 100, 4.414, 0, 113.926, 113.926, 125.535, 125.535, 108.915, 0, 0, 5.1, 5.1, 
4.9, 20.08, 100.383, 66.2, 66.96, , 12.61, 0.977, 557.34, 557.34, , 302.917, 302.917, 302.917, , , , 35.577, 35.24, 7.38, 22.291, 0, 0, 87.804, 89.879, 87.804, 89.879, 1, 111.278, 111.278, 0.025, 0.033, , , , , 7.273, 7.38, 22.291, , , 1, 4.947, 0, 0, 12.5, 5.559, 166.656, 100, 100, 0, 74, 18.852, 20.777, 91.459, 96.07, 100, 100, 0, 29.795, 28.14, 100, 4.413, 114.053, 114.053, 125.709, 125.709, 109.783, 5.1, 5.1, 0, 0, 0, 13.917, 0, 12.5, 0, 5.559, 166.656, 100, 100, 0, 74, 1.001, 0.019, 0.021, 91.459, 96.07, 100, 100, 0, 141, 29.795, 28.14, 100, 4.413, 0, 114.053, 114.053, 125.709, 125.709, 109.783, 0, 0, 5.1, 5.1, 
4.95, 20.08, 100.384, 66.2, 66.96, , 12.546, 0.977, 565.392, 565.392, , 301.418, 301.418, 301.418, , , , 35.361, 35.24, 7.38, 22.179, 0, 0, 87.856, 89.932, 87.856, 89.932, 1, 111.896, 111.896, 0.025, 0.033, , , , , 7.311, 7.38, 22.179, , , 1, 4.997, 0, 0, 12.5, 5.611, 166.702, 100, 100, 0, 74, 18.838, 20.768, 91.207, 95.898, 100, 100, 0, 29.958, 28.256, 100, 4.413, 114.181, 114.181, 125.884, 125.884, 110.65, 5.1, 5.1, 0, 0, 0, 13.915, 0, 12.5, 0, 5.611, 166.702, 100, 100, 0, 74, 1.001, 0.019, 0.021, 91.207, 95.898, 100, 100, 0, 141, 29.958, 28.256, 100, 4.413, 0, 114.181, 114.181, 125.884, 125.884, 110.65, 0, 0, 5.1, 5.1, 
5, 20.08, 100.384, 66.2, 66.96, , 12.435, 0.977, 573.576, 573.576, , 298.809, 298.809, 298.809, , , , 35.145, 35.24, 7.38, 21.992, 0, 0, 87.576, 89.646, 87.576, 89.646, 1, 112.508, 112.508, 0.025, 0.033, , , , , 7.35, 7.38, 21.992, , , 1, 5.047, 0, 0, 12.5, 5.664, 166.749, 100, 100, 0, 74, 18.824, 20.759, 90.956, 95.727, 100, 100, 0, 30.121, 28.372, 100, 4.413, 114.309, 114.309, 126.058, 126.058, 111.517, 5.1, 5.1, 0, 0, 0, 13.913, 0, 12.5, 0, 5.664, 166.749, 100, 100, 0, 74, 1.001, 0.019, 0.021, 90.956, 95.727, 100, 100, 0, 141, 30.121, 28.372, 100, 4.413, 0, 114.309, 114.309, 126.058, 126.058, 111.517, 0, 0, 5.1, 5.1, 
5.05, 20.08, 100.385, 66.2, 66.96, , 12.369, 0.977, 581.749, 581.749, , 297.266, 297.266, 297.266, , , , 34.929, 35.24, 7.379, 21.788, 0, 0, 87.596, 89.666, 87.596, 89.666, 1, 113.124, 113.124, 0.025, 0.033, , , , , 7.39, 7.379, 21.788, , , 1, 5.096, 0, 0, 12.5, 5.716, 166.795, 100, 100, 0, 74, 18.81, 20.75, 90.705, 95.555, 100, 100, 0, 30.284, 28.488, 100, 4.412, 114.437, 114.437, 126.233, 126.233, 112.384, 5.1, 5.1, 0, 0, 0, 13.91, 0, 12.5, 0, 5.716, 166.795, 100, 100, 0, 74, 1.001, 0.019, 0.021, 90.705, 95.555, 100, 100, 0, 141, 30.284, 28.488, 100, 4.412, 0, 114.437, 114.437, 126.233, 126.233, 112.384, 0, 0, 5.1, 5.1, 
5.1, 20.08, 100.385, 66.2, 66.96, , 12.284, 0.977, 589.921, 589.921, , 295.269, 295.269, 295.269, , , , 34.713, 35.24, 7.379, 21.556, 0, 0, 87.474, 89.541, 87.474, 89.541, 1, 113.732, 113.732, 0.025, 0.033, , , , , 7.429, 7.379, 21.556, , , 1, 5.147, 0, 0, 12.5, 5.769, 166.842, 100, 100, 0, 74, 18.797, 20.741, 90.454, 95.384, 100, 100, 0, 30.447, 28.605, 100, 4.412, 114.565, 114.565, 126.407, 126.407, 113.251, 5.1, 5.1, 0, 0, 0, 13.908, 0, 12.5, 0, 5.769, 166.842, 100, 100, 0, 74, 1.001, 0.019, 0.021, 90.454, 95.384, 100, 100, 0, 141, 30.447, 28.605, 100, 4.412, 0, 114.565, 114.565, 126.407, 126.407, 113.251, 0, 0, 5.1, 5.1, 
5.15, 20.08, 100.385, 66.2, 66.96, , 12.198, 0.977, 598.243, 598.243, , 293.264, 293.264, 293.264, , , , 34.768, 35.308, 7.379, 21.317, 0, 0, 87.348, 89.412, 87.348, 89.412, 1, 114.335, 114.335, 0.025, 0.033, , , , , 7.466, 7.379, 21.317, , , 1, 5.197, 0, 0, 12.5, 5.821, 166.888, 100, 100, 0, 74, 18.783, 20.732, 90.203, 95.212, 100, 100, 0, 30.609, 28.721, 100, 4.411, 114.693, 114.693, 126.581, 126.581, 114.119, 5.1, 5.1, 0, 0, 0, 13.906, 0, 12.5, 0, 5.821, 166.888, 100, 100, 0, 74, 1, 0.019, 0.021, 90.203, 95.212, 100, 100, 0, 141, 30.609, 28.721, 100, 4.411, 0, 114.693, 114.693, 126.581, 126.581, 114.119, 0, 0, 5.1, 5.1, 
5.2, 20.08, 100.386, 66.2, 66.96, , 12.007, 0.977, 606.433, 606.433, , 288.747, 288.747, 288.747, , , , 34.84, 35.38, 7.38, 21.154, 0, 0, 86.44, 88.481, 86.44, 88.481, 1, 114.932, 114.932, 0.025, 0.033, , , , , 7.487, 7.38, 21.154, , , 1, 5.247, 0, 0, 12.5, 5.874, 166.935, 100, 100, 0, 74, 18.769, 20.723, 89.952, 95.04, 100, 100, 0, 30.772, 28.837, 100, 4.411, 114.821, 114.821, 126.756, 126.756, 114.986, 5.1, 5.1, 0, 0, 0, 13.903, 0, 12.5, 0, 5.874, 166.935, 100, 100, 0, 74, 1, 0.019, 0.021, 89.952, 95.04, 100, 100, 0, 141, 30.772, 28.837, 100, 4.411, 0, 114.821, 114.821, 126.756, 126.756, 114.986, 0, 0, 5.1, 5.1, 
5.25, 20.08, 100.386, 66.2, 66.96, , 10.501, 0.977, 614.772, 614.772, , 253.031, 253.031, 253.031, , , , 34.912, 35.452, 7.381, 21.014, 0, 0, 76.021, 77.816, 76.021, 77.816, 1, 115.495, 115.495, 0.025, 0.033, , , , , 7.508, 7.381, 21.014, , , 1, 5.297, 0, 0, 12.5, 5.926, 166.981, 100, 100, 0, 74, 18.755, 20.714, 89.7, 94.869, 100, 100, 0, 30.935, 28.953, 100, 4.41, 114.949, 114.949, 126.93, 126.93, 115.853, 5.1, 5.1, 0, 0, 0, 13.901, 0, 12.5, 0, 5.926, 166.981, 100, 100, 0, 74, 1, 0.019, 0.021, 89.7, 94.869, 100, 100, 0, 141, 30.935, 28.953, 100, 4.41, 0, 114.949, 114.949, 126.93, 126.93, 115.853, 0, 0, 5.1, 5.1, 
5.3, 20.08, 100.387, 66.2, 66.96, , 8.45, 0.977, 623.278, 623.278, , 204.408, 204.408, 204.408, , , , 34.984, 35.524, 7.382, 20.944, 0, 0, 61.603, 63.059, 61.603, 63.059, 1, 115.972, 115.972, 0.025, 0.033, , , , , 7.529, 7.382, 20.944, , , 1, 5.347, 0, 0, 12.522, 5.947, 167, 100, 100, 0, 73.803, 18.35, 20.261, 89.6, 92.849, 100, 100, 0, 31.061, 29.123, 97.541, 4.315, 115.012, 115.012, 126.926, 126.926, 116.307, 5.1, 5.1, 0, 0, 0, 13.902, 0, 12.522, 0, 5.947, 167, 100, 100, 0, 73.803, 1, 0.019, 0.021, 89.6, 92.849, 100, 100, 0, 141, 31.061, 29.123, 97.541, 4.315, 0, 115.012, 115.012, 126.926, 126.926, 116.307, 0, 0, 5.1, 5.1, 
5.35, 20.08, 100.387, 66.2, 66.96, , 6.615, 0.977, 631.661, 631.661, , 160.882, 160.882, 160.882, , , , 35.056, 35.596, 7.384, 20.899, 0, 0, 48.643, 49.792, 48.643, 49.792, 1, 116.339, 116.339, 0.025, 0.033, , , , , 7.551, 7.384, 20.899, , , 1, 5.397, 0, 0, 12.559, 5.947, 167, 100, 100, 0, 73.475, 17.683, 19.512, 89.6, 89.598, 100, 100, 0, 31.164, 29.328, 93.443, 4.157, 115.033, 115.033, 126.803, 126.803, 116.485, 5.1, 5.1, 0, 0, 0, 13.907, 0, 12.559, 0, 5.947, 167, 100, 100, 0, 73.475, 1, 0.018, 0.02, 89.6, 89.598, 100, 100, 0, 141, 31.164, 29.328, 93.443, 4.157, 0, 115.033, 115.033, 126.803, 126.803, 116.485, 0, 0, 5.1, 5.1, 
5.4, 20.08, 100.387, 66.2, 66.96, , 4.742, 0.977, 640.136, 640.136, , 116.455, 116.455, 116.455, , , , 35.093, 35.399, 7.384, 20.912, 0, 0, 35.325, 36.159, 35.325, 36.159, 1, 116.622, 116.622, 0.025, 0.033, , , , , 7.587, 7.384, 20.912, , , 1, 5.447, 0, 0, 12.596, 5.947, 167, 100, 100, 0, 73.148, 17.016, 18.763, 89.6, 86.347, 100, 100, 0, 31.266, 29.533, 89.344, 3.999, 115.053, 115.053, 126.68, 126.68, 116.662, 5.1, 5.1, 0, 0, 0, 13.911, 0, 12.596, 0, 5.947, 167, 100, 100, 0, 73.148, 1, 0.017, 0.019, 89.6, 86.347, 100, 100, 0, 141, 31.266, 29.533, 89.344, 3.999, 0, 115.053, 115.053, 126.68, 126.68, 116.662, 0, 0, 5.1, 5.1, 
5.45, 20.08, 100.388, 66.2, 66.96, , 3.03, 0.977, 648.63, 648.63, , 75.859, 75.859, 75.859, , , , 35.129, 35.186, 7.384, 20.947, 0, 0, 23.08, 23.626, 23.08, 23.626, 1, 116.816, 116.816, 0.025, 0.033, , , , , 7.622, 7.384, 20.947, , , 1, 5.497, 0, 0, 12.633, 5.947, 167, 100, 100, 0, 72.82, 16.35, 18.014, 89.6, 83.096, 100, 100, 0, 31.369, 29.738, 85.246, 3.84, 115.074, 115.074, 126.557, 126.557, 116.84, 5.1, 5.1, 0, 0, 0, 13.915, 0, 12.633, 0, 5.947, 167, 100, 100, 0, 72.82, 1, 0.017, 0.018, 89.6, 83.096, 100, 100, 0, 141, 31.369, 29.738, 85.246, 3.84, 0, 115.074, 115.074, 126.557, 126.557, 116.84, 0, 0, 5.1, 5.1, 
5.5, 20.08, 100.388, 66.2, 66.96, , 2.738, 0.977, 657.259, 657.259, , 68.937, 68.937, 68.937, , , , 35.165, 34.972, 7.383, 21.074, 0, 0, 21.007, 21.504, 21.007, 21.504, 1, 116.953, 116.953, 0.025, 0.033, , , , , 7.657, 7.383, 21.074, , , 1, 5.547, 0, 0, 12.67, 5.947, 167, 100, 100, 0, 72.492, 15.683, 17.266, 89.6, 79.844, 100, 100, 0, 31.471, 29.943, 81.148, 3.682, 115.094, 115.094, 126.434, 126.434, 117.018, 5.1, 5.1, 0, 0, 0, 13.919, 0, 12.67, 0, 5.947, 167, 100, 100, 0, 72.492, 1, 0.016, 0.017, 89.6, 79.844, 100, 100, 0, 141, 31.471, 29.943, 81.148, 3.682, 0, 115.094, 115.094, 126.434, 126.434, 117.018, 0, 0, 5.1, 5.1, 
5.55, 20.08, 100.388, 66.2, 66.96, , 2.718, 0.977, 665.734, 665.734, , 68.46, 68.46, 68.46, , , , 35.2, 34.759, 7.382, 21.24, 0, 0, 20.881, 21.374, 20.881, 21.374, 1, 117.093, 117.093, 0.025, 0.033, , , , , 7.692, 7.382, 21.24, , , 1, 5.597, 0, 0, 12.707, 5.947, 167, 100, 100, 0, 72.164, 15.016, 16.517, 89.6, 76.593, 100, 100, 0, 31.574, 30.148, 77.049, 3.524, 115.115, 115.115, 126.311, 126.311, 117.196, 5.1, 5.1, 0, 0, 0, 13.923, 0, 12.707, 0, 5.947, 167, 100, 100, 0, 72.164, 1, 0.015, 0.017, 89.6, 76.593, 100, 100, 0, 141, 31.574, 30.148, 77.049, 3.524, 0, 115.115, 115.115, 126.311, 126.311, 117.196, 0, 0, 5.1, 5.1, 
5.6, 20.08, 100.389, 66.2, 66.96, , 2.24, 0.977, 674.383, 674.383, , 57.122, 57.122, 57.122, , , , 35.236, 34.546, 7.38, 21.462, 0, 0, 17.436, 17.847, 17.436, 17.847, 1, 117.217, 117.217, 0.025, 0.033, , , , , 7.749, 7.38, 21.462, , , 1, 5.647, 0, 0, 12.743, 5.948, 167, 100, 100, 0, 71.836, 14.349, 15.768, 89.6, 73.342, 100, 100, 0, 31.676, 30.352, 72.951, 3.366, 115.135, 115.135, 126.189, 126.189, 117.374, 5.1, 5.1, 0, 0, 0, 13.927, 0, 12.743, 0, 5.948, 167, 100, 100, 0, 71.836, 1, 0.015, 0.016, 89.6, 73.342, 100, 100, 0, 141, 31.676, 30.352, 72.951, 3.366, 0, 115.135, 115.135, 126.189, 126.189, 117.374, 0, 0, 5.1, 5.1, 
5.65, 20.08, 100.389, 66.2, 66.96, , 1.413, 0.977, 682.858, 682.858, , 37.506, 37.506, 37.506, , , , 35.336, 35.001, 7.379, 21.711, 0, 0, 11.453, 11.722, 11.453, 11.722, 1, 117.312, 117.312, 0.025, 0.033, , , , , 7.81, 7.379, 21.711, , , 1, 5.696, 0, 0, 12.78, 5.948, 167, 100, 100, 0, 71.508, 13.682, 15.019, 89.6, 70.091, 100, 100, 0, 31.779, 30.557, 68.852, 3.208, 115.156, 115.156, 126.066, 126.066, 117.552, 5.1, 5.1, 0, 0, 0, 13.931, 0, 12.78, 0, 5.948, 167, 100, 100, 0, 71.508, 1, 0.014, 0.015, 89.6, 70.091, 100, 100, 0, 141, 31.779, 30.557, 68.852, 3.208, 0, 115.156, 115.156, 126.066, 126.066, 117.552, 0, 0, 5.1, 5.1, 
5.7, 20.08, 100.39, 66.2, 66.96, , -0.726, 0.977, 691.506, 691.506, , -13.243, -13.243, -13.243, , , , 35.446, 35.548, 7.378, 21.932, 0, 0, -4.036, -4.133, -4.036, -4.133, 1, 117.334, 117.334, 0.024, 0.033, , , , , 7.871, 7.378, 21.932, , , 1, 5.747, 0, 0, 12.817, 5.948, 167, 100, 100, 0, 71.18, 13.015, 14.271, 89.6, 66.839, 100, 100, 0, 31.881, 30.762, 64.754, 3.05, 115.176, 115.176, 125.943, 125.943, 117.73, 5.1, 5.1, 0, 0, 0, 13.935, 0, 12.817, 0, 5.948, 167, 100, 100, 0, 71.18, 1, 0.013, 0.014, 89.6, 66.839, 100, 100, 0, 141, 31.881, 30.762, 64.754, 3.05, 0, 115.176, 115.176, 125.943, 125.943, 117.73, 0, 0, 5.1, 5.1, 
5.75, 20.08, 100.39, 66.2, 66.96, , -3.067, 0.977, 700.154, 700.154, , -68.781, -68.781, -68.781, , , , 35.555, 36.094, 7.377, 22.14, 0, 0, -20.951, -21.447, -20.951, -21.447, 1, 117.237, 117.237, 0.024, 0.033, , , , , 7.932, 7.377, 22.14, , , 1, 5.797, 0, 0, 12.854, 5.948, 167, 100, 100, 0, 70.852, 12.349, 13.522, 89.6, 63.588, 100, 100, 0, 31.984, 30.967, 60.656, 2.891, 115.197, 115.197, 125.82, 125.82, 117.908, 5.1, 5.1, 0, 0, 0, 13.939, 0, 12.854, 0, 5.948, 167, 100, 100, 0, 70.852, 1, 0.013, 0.014, 89.6, 63.588, 100, 100, 0, 141, 31.984, 30.967, 60.656, 2.891, 0, 115.197, 115.197, 125.82, 125.82, 117.908, 0, 0, 5.1, 5.1, 
5.8, 20.08, , , 66.96, , -4.713, , 708.629, 708.629, , -107.829, -107.829, -107.829, , , , 35.664, 36.641, 7.377, 22.27, 0, 0, -32.816, -33.592, -32.816, -33.592, 1, 117.041, 117.041, 0.024, 0.033, , , , , 7.97, 7.377, 22.27, , , 1, 5.847, 0, 0, 12.891, 5.948, 167, 100, 100, 0, 70.525, 11.682, 12.773, 89.6, 60.337, 100, 100, 0, 32.086, 31.172, 56.557, 2.733, 115.217, 115.217, 125.697, 125.697, 118.085, 5.1, 5.1, 0, 0, 0, 13.943, 0, 12.891, 0, 5.948, 167, 100, 100, 0, 70.525, 1, 0.012, 0.013, 89.6, 60.337, 100, 100, 0, 141, 32.086, 31.172, 56.557, 2.733, 0, 115.217, 115.217, 125.697, 125.697, 118.085, 0, 0, 5.1, 5.1, 
5.85, 20.08, , , 66.96, , -6.045, , 717.277, 717.277, , -139.435, -139.435, -139.435, , , , 35.773, 37.187, 7.377, 22.357, 0, 0, -42.385, -43.386, -42.385, -43.386, 1, 116.768, 116.768, 0.024, 0.033, , , , , 7.999, 7.377, 22.357, , , 1, 5.897, 0, 0, 12.928, 5.948, 167, 100, 100, 0, 70.197, 11.015, 12.024, 89.6, 57.086, 100, 100, 0, 32.189, 31.377, 52.459, 2.575, 115.238, 115.238, 125.574, 125.574, 118.263, 5.1, 5.1, 0, 0, 0, 13.948, 0, 12.928, 0, 5.948, 167, 100, 100, 0, 70.197, 1, 0.011, 0.012, 89.6, 57.086, 100, 100, 0, 141, 32.189, 31.377, 52.459, 2.575, 0, 115.238, 115.238, 125.574, 125.574, 118.263, 0, 0, 5.1, 5.1, 
5.9, 20.08, , , 66.96, , -6.942, , 725.926, 725.926, , -160.732, -160.732, -160.732, , , , 35.712, 36.915, 7.377, 22.39, 0, 0, -48.777, -49.929, -48.777, -49.929, 1, 116.441, 116.441, 0.024, 0.033, , , , , 8.027, 7.377, 22.39, , , 1, 5.947, 0, 0, 12.989, 5.948, 167, 100, 100, 0, 69.654, 9.923, 10.805, 89.6, 51.701, 100, 100, 0, 32.358, 31.673, 45.671, 2.313, 115.272, 115.272, 125.413, 125.413, 118.289, 5.1, 5.1, 0, 0, 0, 13.954, 0, 12.989, 0, 5.948, 167, 100, 100, 0, 69.654, 1, 0.01, 0.011, 89.6, 51.701, 100, 100, 0, 141, 32.358, 31.673, 45.671, 2.313, 0, 115.272, 115.272, 125.413, 125.413, 118.289, 0, 0, 5.1, 5.1, 
5.95, 20.08, , , 66.96, , -6.64, , 733.795, 733.795, , -153.574, -153.574, -153.574, , , , 35.64, 36.591, 7.377, 22.39, 0, 0, -46.508, -47.605, -46.508, -47.605, 1, 116.158, 116.158, 0.024, 0.033, , , , , 8.056, 7.377, 22.39, , , 1, 5.996, 0, 0, 13.086, 5.948, 167, 100, 100, 0, 68.788, 8.192, 8.88, 89.6, 43.115, 100, 100, 0, 32.629, 32.106, 34.848, 1.895, 115.326, 115.326, 125.197, 125.197, 118.088, 5.1, 5.1, 0, 0, 0, 13.965, 0, 13.086, 0, 5.948, 167, 100, 100, 0, 68.788, 1, 0.009, 0.009, 89.6, 43.115, 100, 100, 0, 141, 32.629, 32.106, 34.848, 1.895, 0, 115.326, 115.326, 125.197, 125.197, 118.088, 0, 0, 5.1, 5.1, 
6, 20.08, , , 66.96, , -6.149, , 738.11, 738.11, , -141.947, -141.947, -141.947, , , , 35.568, 36.267, 7.377, 22.39, 0, 0, -42.91, -43.921, -42.91, -43.921, 1, 115.995, 115.995, , , , , , , , 7.377, 22.39, , , 1, 6.021, 0, 0, 13.184, 5.949, 167, 100, 100, 0, 67.922, 6.462, 6.954, 89.6, 34.53, 100, 100, 0, 32.899, 32.539, 24.026, 1.477, 115.38, 115.38, 124.981, 124.981, 117.887, 5.1, 5.1, 0, 0, 0, 13.976, 0, 13.184, 0, 5.949, 167, 100, 100, 0, 67.922, 1, 0.007, 0.007, 89.6, 34.53, 100, 100, 0, 141, 32.899, 32.539, 24.026, 1.477, 0, 115.38, 115.38, 124.981, 124.981, 117.887, 0, 0, 5.1, 5.1, 
6.05, 20.08, , , 66.96, , -6.12, , 742.357, 742.357, , -141.249, -141.249, -141.249, , , , 35.496, 35.943, 7.377, 22.39, 0, 0, -42.643, -43.647, -42.643, -43.647, 1, 115.842, 115.842, , , , , , , , 7.377, 22.39, , , 1, 6.046, 0, 0, 13.281, 5.949, 167, 100, 100, 0, 67.056, 4.731, 5.029, 89.6, 25.944, 100, 100, 0, 33.17, 32.972, 13.203, 1.06, 115.434, 115.434, 124.764, 124.764, 117.686, 5.1, 5.1, 0, 0, 0, 13.987, 0, 13.281, 0, 5.949, 167, 100, 100, 0, 67.056, 1, 0.005, 0.005, 89.6, 25.944, 100, 100, 0, 141, 33.17, 32.972, 13.203, 1.06, 0, 115.434, 115.434, 124.764, 124.764, 117.686, 0, 0, 5.1, 5.1, 
6.1, 20.08, , , 66.96, , -6.143, , 746.616, 746.616, , -141.815, -141.815, -141.815, , , , 35.424, 35.619, 7.377, 22.39, 0, 0, -42.759, -43.765, -42.759, -43.765, 1, 115.689, 115.689, , , , , , , , 7.377, 22.39, , , 1, 6.071, 0, 0, 13.379, 5.949, 167, 100, 100, 0, 66.19, 3.001, 3.104, 89.6, 17.359, 100, 100, 0, 33.44, 33.405, 2.381, 0.642, 115.488, 115.488, 124.548, 124.548, 117.484, 5.1, 5.1, 0, 0, 0, 13.998, 0, 13.379, 0, 5.949, 167, 100, 100, 0, 66.19, 1, 0.003, 0.003, 89.6, 17.359, 100, 100, 0, 141, 33.44, 33.405, 2.381, 0.642, 0, 115.488, 115.488, 124.548, 124.548, 117.484, 0, 0, 5.1, 5.1, 
6.15, 20.08, , , 66.96, , , , 750.869, 750.869, , , , , , , , , , 7.377, 22.39, 0, 0, , , , , 1, , , , , , , , , , 7.377, 22.39, , , , , , , , , , , , , , , , , , , , , , , , , , , , , , , , , , , , , , , , , , , , , , , , , , , , , , , , , , , , , , , , , , , , 
