timestamp,rpm,map,torque,afr cmd f,afr cmd r,measured afr f,measured afr r,knock f,knock r,iat,battery,tps
0.05,2820.9,80.5,80.4,13.0,13.0,12.98,12.97,0,0,105.0,13.9,20.3
0.1,2841.9,81.1,80.8,13.0,13.0,12.99,12.98,0,0,105.1,13.9,20.5
0.15,2862.8,81.6,81.2,13.0,13.0,12.99,12.99,0,0,105.1,13.9,20.8
0.2,2883.6,82.1,81.6,13.0,13.0,13.0,13.0,0,0,105.2,13.91,21.0
0.25,2904.4,82.7,82.0,13.0,13.0,13.01,13.01,0,0,105.2,13.9,21.3
0.3,2925.1,83.2,82.3,13.0,13.0,13.02,13.02,0,0,105.3,13.87,21.5
0.35,2945.8,83.7,82.7,13.0,13.0,13.03,13.03,0,0,105.3,13.91,21.8
0.4,2966.3,84.2,83.1,13.0,13.0,13.04,13.04,0,0,105.3,13.89,22.0
0.45,2986.8,84.7,83.5,13.0,13.0,13.05,13.05,0,0,105.4,13.9,22.3
0.5,3007.1,85.2,83.8,13.0,13.0,13.06,13.06,0,0,105.4,13.9,22.5
0.55,3027.2,85.7,84.2,13.0,13.0,13.06,13.07,0,0,105.5,13.9,22.7
0.6,3047.2,86.2,84.5,13.0,13.0,13.07,13.08,0,0,105.5,13.92,22.9
0.65,3067.0,86.6,84.9,13.0,13.0,13.08,13.09,0,0,105.5,13.91,23.1
0.7,3086.7,87.1,85.2,13.0,13.0,13.09,13.1,0,0,105.6,13.9,23.3
0.75,3106.1,87.5,85.6,13.0,13.0,13.1,13.11,0,0,105.6,13.89,23.5
0.8,3125.4,87.9,85.9,13.0,13.0,13.1,13.12,0,0,105.7,13.88,23.7
0.85,3144.4,88.3,86.2,13.0,13.0,13.11,13.13,0,0,105.7,13.9,23.9
0.9,3163.2,88.7,86.5,13.0,13.0,13.12,13.13,0,0,105.8,13.93,24.0
0.95,3181.7,89.0,86.8,13.0,13.0,13.13,13.14,0,0,105.8,13.9,24.2
1.0,3200.0,89.4,87.1,13.0,13.0,13.14,13.15,0,0,105.8,13.9,24.3
1.05,3218.0,89.7,87.3,13.0,13.0,13.14,13.16,0,0,105.9,13.91,24.5
1.1,3235.7,90.0,87.6,13.0,13.0,13.15,13.17,0,0,105.9,13.87,24.6
1.15,3253.1,90.3,87.9,13.0,13.0,13.16,13.18,0,0,106.0,13.89,24.7
1.2,3270.2,90.6,88.1,13.0,13.0,13.16,13.18,0,0,106.0,13.91,24.8
1.25,3287.0,90.8,88.3,13.0,13.0,13.17,13.19,0,0,106.0,13.92,24.8
1.3,3303.5,91.0,88.5,13.0,13.0,13.18,13.2,0,0,106.1,13.9,24.9
1.35,3319.6,91.2,88.7,13.0,13.0,13.18,13.21,0,0,106.1,13.91,24.9
1.4,3335.3,91.4,88.9,13.0,13.0,13.19,13.21,0,0,106.2,13.9,25.0
1.45,3350.7,91.6,89.1,13.0,13.0,13.19,13.22,0,0,106.2,13.92,25.0
1.5,3365.7,91.7,89.2,13.0,13.0,13.2,13.23,0,0,106.2,13.88,25.0
1.55,3380.3,91.8,89.4,13.0,13.0,13.2,13.23,0,0,106.3,13.91,25.0
1.6,3394.5,91.9,89.5,13.0,13.0,13.21,13.24,0,0,106.3,13.87,25.0
1.65,3408.3,92.0,89.6,13.0,13.0,13.21,13.25,0,0,106.4,13.85,24.9
1.7,3421.7,92.0,89.7,13.0,13.0,13.22,13.25,0,0,106.4,13.89,24.9
1.75,3434.7,92.0,89.8,13.0,13.0,13.22,13.26,0,0,106.5,13.88,24.8
1.8,3447.2,92.0,89.9,13.0,13.0,13.23,13.26,0,0,106.5,13.92,24.8
1.85,3459.3,92.0,89.9,13.0,13.0,13.23,13.27,0,0,106.5,13.91,24.7
1.9,3470.9,91.9,90.0,13.0,13.0,13.23,13.27,0,0,106.6,13.88,24.6
1.95,3482.1,91.8,90.0,13.0,13.0,13.24,13.27,0,0,106.6,13.92,24.5
2.0,3492.8,91.7,90.0,13.0,13.0,13.24,13.28,0,0,106.7,13.88,24.3
2.05,3503.1,91.6,90.0,13.0,13.0,13.24,13.28,0,0,106.7,13.9,24.2
2.1,3512.8,91.4,90.0,13.0,13.0,13.24,13.29,0,0,106.7,13.89,24.0
2.15,3522.1,91.2,89.9,13.0,13.0,13.25,13.29,0,0,106.8,13.9,23.9
2.2,3530.8,91.0,89.9,13.0,13.0,13.25,13.29,0,0,106.8,13.92,23.7
2.25,3539.1,90.8,89.8,13.0,13.0,13.25,13.29,0,0,106.9,13.91,23.5
2.3,3546.9,90.6,89.7,13.0,13.0,13.25,13.3,0,0,106.9,13.91,23.3
2.35,3554.1,90.3,89.6,13.0,13.0,13.25,13.3,0,0,106.9,13.91,23.1
2.4,3560.8,90.0,89.5,13.0,13.0,13.25,13.3,0,0,107.0,13.91,22.9
2.45,3567.1,89.7,89.4,13.0,13.0,13.25,13.3,0,0,107.0,13.89,22.7
2.5,3572.7,89.4,89.2,13.0,13.0,13.25,13.3,0,0,107.1,13.89,22.5
2.55,3577.9,89.0,89.1,13.0,13.0,13.25,13.3,0,0,107.1,13.89,22.3
2.6,3582.5,88.7,88.9,13.0,13.0,13.25,13.3,0,0,107.1,13.91,22.0
2.65,3586.6,88.3,88.7,13.0,13.0,13.25,13.3,0,0,107.2,13.89,21.8
2.7,3590.2,87.9,88.5,13.0,13.0,13.25,13.3,0,0,107.2,13.95,21.5
2.75,3593.2,87.5,88.3,13.0,13.0,13.24,13.3,0,0,107.2,13.88,21.3
2.8,3595.6,87.1,88.1,13.0,13.0,13.24,13.3,0,0,107.3,13.88,21.0
2.85,3597.5,86.6,87.9,13.0,13.0,13.24,13.3,0,0,107.3,13.92,20.8
2.9,3598.9,86.2,87.6,13.0,13.0,13.24,13.29,0,0,107.4,13.93,20.5
2.95,3599.7,85.7,87.3,13.0,13.0,13.23,13.29,0,0,107.4,13.91,20.3
3.0,3600.0,85.2,87.1,13.0,13.0,13.23,13.29,0,0,107.4,13.92,20.0
3.05,3599.7,84.7,86.8,13.0,13.0,13.23,13.29,0,0,107.5,13.93,19.7
3.1,3598.9,84.2,86.5,13.0,13.0,13.22,13.28,0,0,107.5,13.9,19.5
3.15,3597.5,83.7,86.2,13.0,13.0,13.22,13.28,0,0,107.6,13.87,19.2
3.2,3595.6,83.2,85.9,13.0,13.0,13.21,13.27,0,0,107.6,13.89,19.0
3.25,3593.2,82.7,85.6,13.0,13.0,13.21,13.27,0,0,107.6,13.92,18.7
3.3,3590.2,82.1,85.2,13.0,13.0,13.21,13.27,0,0,107.7,13.87,18.5
3.35,3586.6,81.6,84.9,13.0,13.0,13.2,13.26,0,0,107.7,13.9,18.2
3.4,3582.5,81.1,84.5,13.0,13.0,13.19,13.26,0,0,107.7,13.91,18.0
3.45,3577.9,80.5,84.2,13.0,13.0,13.19,13.25,0,0,107.8,13.89,17.7
3.5,3572.7,80.0,83.8,13.0,13.0,13.18,13.25,0,0,107.8,13.91,17.5
3.55,3567.1,79.5,83.5,13.0,13.0,13.18,13.24,0,0,107.9,13.91,17.3
3.6,3560.8,78.9,83.1,13.0,13.0,13.17,13.23,0,0,107.9,13.95,17.1
3.65,3554.1,78.4,82.7,13.0,13.0,13.16,13.23,0,0,107.9,13.91,16.9
3.7,3546.9,77.9,82.3,13.0,13.0,13.16,13.22,0,0,108.0,13.89,16.7
3.75,3539.1,77.3,82.0,13.0,13.0,13.15,13.21,0,0,108.0,13.89,16.5
3.8,3530.8,76.8,81.6,13.0,13.0,13.14,13.21,0,0,108.0,13.88,16.3
3.85,3522.1,76.3,81.2,13.0,13.0,13.14,13.2,0,0,108.1,13.92,16.1
3.9,3512.8,75.8,80.8,13.0,13.0,13.13,13.19,0,0,108.1,13.89,16.0
3.95,3503.1,75.3,80.4,13.0,13.0,13.12,13.18,0,0,108.1,13.9,15.8
4.0,3492.8,74.8,80.0,13.0,13.0,13.11,13.18,0,0,108.2,13.91,15.7
4.05,3482.1,74.3,79.6,13.0,13.0,13.11,13.17,0,0,108.2,13.89,15.5
4.1,3470.9,73.8,79.2,13.0,13.0,13.1,13.16,0,0,108.3,13.89,15.4
4.15,3459.3,73.4,78.8,13.0,13.0,13.09,13.15,0,0,108.3,13.86,15.3
4.2,3447.2,72.9,78.4,13.0,13.0,13.08,13.14,0,0,108.3,13.88,15.2
4.25,3434.7,72.5,78.0,13.0,13.0,13.07,13.13,0,0,108.4,13.89,15.2
4.3,3421.7,72.1,77.7,13.0,13.0,13.07,13.13,0,0,108.4,13.91,15.1
4.35,3408.3,71.7,77.3,13.0,13.0,13.06,13.12,0,0,108.4,13.92,15.1
4.4,3394.5,71.3,76.9,13.0,13.0,13.05,13.11,0,0,108.5,13.9,15.0
4.45,3380.3,71.0,76.5,13.0,13.0,13.04,13.1,0,0,108.5,13.91,15.0
4.5,3365.7,70.6,76.2,13.0,13.0,13.03,13.09,0,0,108.5,13.9,15.0
4.55,3350.7,70.3,75.8,13.0,13.0,13.02,13.08,0,0,108.6,13.92,15.0
4.6,3335.3,70.0,75.5,13.0,13.0,13.01,13.07,0,0,108.6,13.92,15.0
4.65,3319.6,69.7,75.1,13.0,13.0,13.01,13.06,0,0,108.6,13.91,15.1
4.7,3303.5,69.4,74.8,13.0,13.0,13.0,13.05,0,0,108.7,13.88,15.1
4.75,3287.0,69.2,74.4,13.0,13.0,12.99,13.04,0,0,108.7,13.92,15.2
4.8,3270.2,69.0,74.1,13.0,13.0,12.98,13.03,0,0,108.7,13.91,15.2
4.85,3253.1,68.8,73.8,13.0,13.0,12.97,13.02,0,0,108.8,13.92,15.3
4.9,3235.7,68.6,73.5,13.0,13.0,12.96,13.01,0,0,108.8,13.9,15.4
4.95,3218.0,68.4,73.2,13.0,13.0,12.95,13.0,0,0,108.8,13.94,15.5
5.0,3200.0,68.3,72.9,13.0,13.0,12.94,12.99,0,0,108.9,13.89,15.7
5.05,3181.7,68.2,72.7,13.0,13.0,12.94,12.98,0,0,108.9,13.93,15.8
5.1,3163.2,68.1,72.4,13.0,13.0,12.93,12.97,0,0,108.9,13.9,16.0
5.15,3144.4,68.0,72.1,13.0,13.0,12.92,12.96,0,0,109.0,13.89,16.1
5.2,3125.4,68.0,71.9,13.0,13.0,12.91,12.95,0,0,109.0,13.88,16.3
5.25,3106.1,68.0,71.7,13.0,13.0,12.9,12.94,0,0,109.0,13.9,16.5
5.3,3086.7,68.0,71.5,13.0,13.0,12.9,12.93,0,0,109.0,13.93,16.7
5.35,3067.0,68.0,71.3,13.0,13.0,12.89,12.92,0,0,109.1,13.92,16.9
5.4,3047.2,68.1,71.1,13.0,13.0,12.88,12.91,0,0,109.1,13.91,17.1
5.45,3027.2,68.2,70.9,13.0,13.0,12.87,12.9,0,0,109.1,13.85,17.3
5.5,3007.1,68.3,70.8,13.0,13.0,12.86,12.89,0,0,109.2,13.91,17.5
5.55,2986.8,68.4,70.6,13.0,13.0,12.86,12.88,0,0,109.2,13.91,17.7
5.6,2966.3,68.6,70.5,13.0,13.0,12.85,12.87,0,0,109.2,13.89,18.0
5.65,2945.8,68.8,70.4,13.0,13.0,12.84,12.87,0,0,109.3,13.89,18.2
5.7,2925.1,69.0,70.3,13.0,13.0,12.84,12.86,0,0,109.3,13.9,18.5
5.75,2904.4,69.2,70.2,13.0,13.0,12.83,12.85,0,0,109.3,13.93,18.7
5.8,2883.6,69.4,70.1,13.0,13.0,12.82,12.84,0,0,109.3,13.88,19.0
5.85,2862.8,69.7,70.1,13.0,13.0,12.82,12.83,0,0,109.4,13.89,19.2
5.9,2841.9,70.0,70.0,13.0,13.0,12.81,12.82,0,0,109.4,13.93,19.5
5.95,2820.9,70.3,70.0,13.0,13.0,12.81,12.82,0,0,109.4,13.89,19.7
6.0,2800.0,70.6,70.0,13.0,13.0,12.8,12.81,0,0,109.5,13.89,20.0
6.05,2779.1,71.0,70.0,13.0,13.0,12.8,12.8,0,0,109.5,13.9,20.3
6.1,2758.1,71.3,70.0,13.0,13.0,12.79,12.79,0,0,109.5,13.88,20.5
6.15,2737.2,71.7,70.1,13.0,13.0,12.79,12.79,0,0,109.5,13.9,20.8
6.2,2716.4,72.1,70.1,13.0,13.0,12.78,12.78,0,0,109.6,13.88,21.0
6.25,2695.6,72.5,70.2,13.0,13.0,12.78,12.77,0,0,109.6,13.92,21.3
6.3,2674.9,72.9,70.3,13.0,13.0,12.77,12.77,0,0,109.6,13.9,21.5
6.35,2654.2,73.4,70.4,13.0,13.0,12.77,12.76,0,0,109.6,13.95,21.8
6.4,2633.7,73.8,70.5,13.0,13.0,12.77,12.75,0,0,109.7,13.91,22.0
6.45,2613.2,74.3,70.6,13.0,13.0,12.76,12.75,0,0,109.7,13.93,22.3
6.5,2592.9,74.8,70.8,13.0,13.0,12.76,12.74,0,0,109.7,13.87,22.5
6.55,2572.8,75.3,70.9,13.0,13.0,12.76,12.74,0,0,109.8,13.9,22.7
6.6,2552.8,75.8,71.1,13.0,13.0,12.76,12.73,0,0,109.8,13.91,22.9
6.65,2533.0,76.3,71.3,13.0,13.0,12.75,12.73,0,0,109.8,13.93,23.1
6.7,2513.3,76.8,71.5,13.0,13.0,12.75,12.73,0,0,109.8,13.87,23.3
6.75,2493.9,77.3,71.7,13.0,13.0,12.75,12.72,0,0,109.9,13.92,23.5
6.8,2474.6,77.9,71.9,13.0,13.0,12.75,12.72,0,0,109.9,13.91,23.7
6.85,2455.6,78.4,72.1,13.0,13.0,12.75,12.71,0,0,109.9,13.93,23.9
6.9,2436.8,78.9,72.4,13.0,13.0,12.75,12.71,0,0,109.9,13.91,24.0
6.95,2418.3,79.5,72.7,13.0,13.0,12.75,12.71,0,0,110.0,13.9,24.2
7.0,2400.0,80.0,72.9,13.0,13.0,12.75,12.71,0,0,110.0,13.89,24.3
7.05,2382.0,80.5,73.2,13.0,13.0,12.75,12.7,0,0,110.0,13.88,24.5
7.1,2364.3,81.1,73.5,13.0,13.0,12.75,12.7,0,0,110.0,13.9,24.6
7.15,2346.9,81.6,73.8,13.0,13.0,12.75,12.7,0,0,110.0,13.9,24.7
7.2,2329.8,82.1,74.1,13.0,13.0,12.75,12.7,0,0,110.1,13.94,24.8
7.25,2313.0,82.7,74.4,13.0,13.0,12.76,12.7,0,0,110.1,13.89,24.8
7.3,2296.5,83.2,74.8,13.0,13.0,12.76,12.7,0,0,110.1,13.91,24.9
7.35,2280.4,83.7,75.1,13.0,13.0,12.76,12.7,0,0,110.1,13.87,24.9
7.4,2264.7,84.2,75.5,13.0,13.0,12.76,12.7,0,0,110.2,13.89,25.0
7.45,2249.3,84.7,75.8,13.0,13.0,12.77,12.7,0,0,110.2,13.91,25.0
7.5,2234.3,85.2,76.2,13.0,13.0,12.77,12.7,0,0,110.2,13.92,25.0
7.55,2219.7,85.7,76.5,13.0,13.0,12.77,12.7,0,0,110.2,13.93,25.0
7.6,2205.5,86.2,76.9,13.0,13.0,12.78,12.7,0,0,110.2,13.9,25.0
7.65,2191.7,86.6,77.3,13.0,13.0,12.78,12.71,0,0,110.3,13.88,24.9
7.7,2178.3,87.1,77.7,13.0,13.0,12.79,12.71,0,0,110.3,13.91,24.9
7.75,2165.3,87.5,78.0,13.0,13.0,12.79,12.71,0,0,110.3,13.91,24.8
7.8,2152.8,87.9,78.4,13.0,13.0,12.79,12.71,0,0,110.3,13.91,24.8
7.85,2140.7,88.3,78.8,13.0,13.0,12.8,12.72,0,0,110.3,13.89,24.7
7.9,2129.1,88.7,79.2,13.0,13.0,12.81,12.72,0,0,110.4,13.92,24.6
7.95,2117.9,89.0,79.6,13.0,13.0,12.81,12.73,0,0,110.4,13.9,24.5
8.0,2107.2,89.4,80.0,13.0,13.0,12.82,12.73,0,0,110.4,13.91,24.3
8.05,2096.9,89.7,80.4,13.0,13.0,12.82,12.73,0,0,110.4,13.93,24.2
8.1,2087.2,90.0,80.8,13.0,13.0,12.83,12.74,0,0,110.4,13.91,24.0
8.15,2077.9,90.3,81.2,13.0,13.0,12.84,12.74,0,0,110.4,13.91,23.9
8.2,2069.2,90.6,81.6,13.0,13.0,12.84,12.75,0,0,110.5,13.94,23.7
8.25,2060.9,90.8,82.0,13.0,13.0,12.85,12.75,0,0,110.5,13.9,23.5
8.3,2053.1,91.0,82.3,13.0,13.0,12.86,12.76,0,0,110.5,13.89,23.3
8.35,2045.9,91.2,82.7,13.0,13.0,12.86,12.77,0,0,110.5,13.9,23.1
8.4,2039.2,91.4,83.1,13.0,13.0,12.87,12.77,0,0,110.5,13.93,22.9
8.45,2032.9,91.6,83.5,13.0,13.0,12.88,12.78,0,0,110.5,13.9,22.7
8.5,2027.3,91.7,83.8,13.0,13.0,12.89,12.79,0,0,110.6,13.91,22.5
8.55,2022.1,91.8,84.2,13.0,13.0,12.89,12.79,0,0,110.6,13.92,22.3
8.6,2017.5,91.9,84.5,13.0,13.0,12.9,12.8,0,0,110.6,13.89,22.0
8.65,2013.4,92.0,84.9,13.0,13.0,12.91,12.81,0,0,110.6,13.87,21.8
8.7,2009.8,92.0,85.2,13.0,13.0,12.92,12.82,0,0,110.6,13.91,21.5
8.75,2006.8,92.0,85.6,13.0,13.0,12.93,12.82,0,0,110.6,13.9,21.3
8.8,2004.4,92.0,85.9,13.0,13.0,12.93,12.83,0,0,110.7,13.89,21.0
8.85,2002.5,92.0,86.2,13.0,13.0,12.94,12.84,0,0,110.7,13.92,20.8
8.9,2001.1,91.9,86.5,13.0,13.0,12.95,12.85,0,0,110.7,13.91,20.5
8.95,2000.3,91.8,86.8,13.0,13.0,12.96,12.86,0,0,110.7,13.88,20.3
9.0,2000.0,91.7,87.1,13.0,13.0,12.97,12.87,0,0,110.7,13.91,20.0
9.05,2000.3,91.6,87.3,13.0,13.0,12.98,12.87,0,0,110.7,13.9,19.7
9.1,2001.1,91.4,87.6,13.0,13.0,12.99,12.88,0,0,110.7,13.87,19.5
9.15,2002.5,91.2,87.9,13.0,13.0,12.99,12.89,0,0,110.7,13.91,19.2
9.2,2004.4,91.0,88.1,13.0,13.0,13.0,12.9,0,0,110.8,13.9,19.0
9.25,2006.8,90.8,88.3,13.0,13.0,13.01,12.91,0,0,110.8,13.89,18.7
9.3,2009.8,90.6,88.5,13.0,13.0,13.02,12.92,0,0,110.8,13.91,18.5
9.35,2013.4,90.3,88.7,13.0,13.0,13.03,12.93,0,0,110.8,13.91,18.2
9.4,2017.5,90.0,88.9,13.0,13.0,13.04,12.94,0,0,110.8,13.89,18.0
9.45,2022.1,89.7,89.1,13.0,13.0,13.05,12.95,0,0,110.8,13.91,17.7
9.5,2027.3,89.4,89.2,13.0,13.0,13.06,12.96,0,0,110.8,13.92,17.5
9.55,2032.9,89.0,89.4,13.0,13.0,13.06,12.97,0,0,110.8,13.89,17.3
9.6,2039.2,88.7,89.5,13.0,13.0,13.07,12.98,0,0,110.8,13.91,17.1
9.65,2045.9,88.3,89.6,13.0,13.0,13.08,12.99,0,0,110.9,13.9,16.9
9.7,2053.1,87.9,89.7,13.0,13.0,13.09,13.0,0,0,110.9,13.95,16.7
9.75,2060.9,87.5,89.8,13.0,13.0,13.1,13.01,0,0,110.9,13.86,16.5
9.8,2069.2,87.1,89.9,13.0,13.0,13.1,13.02,0,0,110.9,13.91,16.3
9.85,2077.9,86.6,89.9,13.0,13.0,13.11,13.03,0,0,110.9,13.89,16.1
9.9,2087.2,86.2,90.0,13.0,13.0,13.12,13.04,0,0,110.9,13.9,16.0
9.95,2096.9,85.7,90.0,13.0,13.0,13.13,13.05,0,0,110.9,13.94,15.8
10.0,2107.2,85.2,90.0,13.0,13.0,13.14,13.06,0,0,110.9,13.9,15.7
10.05,2117.9,84.7,90.0,13.0,13.0,13.14,13.07,0,0,110.9,13.94,15.5
10.1,2129.1,84.2,90.0,13.0,13.0,13.15,13.08,0,0,110.9,13.89,15.4
10.15,2140.7,83.7,89.9,13.0,13.0,13.16,13.09,0,0,110.9,13.91,15.3
10.2,2152.8,83.2,89.9,13.0,13.0,13.16,13.1,0,0,110.9,13.89,15.2
10.25,2165.3,82.7,89.8,13.0,13.0,13.17,13.11,0,0,110.9,13.89,15.2
10.3,2178.3,82.1,89.7,13.0,13.0,13.18,13.12,0,0,110.9,13.9,15.1
10.35,2191.7,81.6,89.6,13.0,13.0,13.18,13.13,0,0,111.0,13.89,15.1
10.4,2205.5,81.1,89.5,13.0,13.0,13.19,13.13,0,0,111.0,13.9,15.0
10.45,2219.7,80.5,89.4,13.0,13.0,13.19,13.14,0,0,111.0,13.86,15.0
10.5,2234.3,80.0,89.2,13.0,13.0,13.2,13.15,0,0,111.0,13.94,15.0
10.55,2249.3,79.5,89.1,13.0,13.0,13.2,13.16,0,0,111.0,13.9,15.0
10.6,2264.7,78.9,88.9,13.0,13.0,13.21,13.17,0,0,111.0,13.93,15.0
10.65,2280.4,78.4,88.7,13.0,13.0,13.21,13.18,0,0,111.0,13.88,15.1
10.7,2296.5,77.9,88.5,13.0,13.0,13.22,13.18,0,0,111.0,13.91,15.1
10.75,2313.0,77.3,88.3,13.0,13.0,13.22,13.19,0,0,111.0,13.96,15.2
10.8,2329.8,76.8,88.1,13.0,13.0,13.23,13.2,0,0,111.0,13.88,15.2
10.85,2346.9,76.3,87.9,13.0,13.0,13.23,13.21,0,0,111.0,13.87,15.3
10.9,2364.3,75.8,87.6,13.0,13.0,13.23,13.21,0,0,111.0,13.89,15.4
10.95,2382.0,75.3,87.3,13.0,13.0,13.24,13.22,0,0,111.0,13.91,15.5
11.0,2400.0,74.8,87.1,13.0,13.0,13.24,13.23,0,0,111.0,13.91,15.7
11.05,2418.3,74.3,86.8,13.0,13.0,13.24,13.23,0,0,111.0,13.93,15.8
11.1,2436.8,73.8,86.5,13.0,13.0,13.24,13.24,0,0,111.0,13.89,16.0
11.15,2455.6,73.4,86.2,13.0,13.0,13.25,13.25,0,0,111.0,13.87,16.1
11.2,2474.6,72.9,85.9,13.0,13.0,13.25,13.25,0,0,111.0,13.89,16.3
11.25,2493.9,72.5,85.6,13.0,13.0,13.25,13.26,0,0,111.0,13.92,16.5
11.3,2513.3,72.1,85.2,13.0,13.0,13.25,13.26,0,0,111.0,13.91,16.7
11.35,2533.0,71.7,84.9,13.0,13.0,13.25,13.27,0,0,111.0,13.86,16.9
11.4,2552.8,71.3,84.5,13.0,13.0,13.25,13.27,0,0,111.0,13.9,17.1
11.45,2572.8,71.0,84.2,13.0,13.0,13.25,13.27,0,0,111.0,13.93,17.3
11.5,2592.9,70.6,83.8,13.0,13.0,13.25,13.28,0,0,111.0,13.94,17.5
11.55,2613.2,70.3,83.5,13.0,13.0,13.25,13.28,0,0,111.0,13.91,17.7
11.6,2633.7,70.0,83.1,13.0,13.0,13.25,13.29,0,0,111.0,13.91,18.0
11.65,2654.2,69.7,82.7,13.0,13.0,13.25,13.29,0,0,111.0,13.88,18.2
11.7,2674.9,69.4,82.3,13.0,13.0,13.25,13.29,0,0,111.0,13.88,18.5
11.75,2695.6,69.2,82.0,13.0,13.0,13.24,13.29,0,0,111.0,13.9,18.7
11.8,2716.4,69.0,81.6,13.0,13.0,13.24,13.3,0,0,111.0,13.91,19.0
11.85,2737.2,68.8,81.2,13.0,13.0,13.24,13.3,0,0,111.0,13.91,19.2
11.9,2758.1,68.6,80.8,13.0,13.0,13.24,13.3,0,0,111.0,13.89,19.5
11.95,2779.1,68.4,80.4,13.0,13.0,13.23,13.3,0,0,111.0,13.88,19.7
12.0,2800.0,68.3,80.0,13.0,13.0,13.23,13.3,0,0,111.0,13.88,20.0
12.05,2820.9,68.2,79.6,13.0,13.0,13.23,13.3,0,0,111.0,13.88,20.3
12.1,2841.9,68.1,79.2,13.0,13.0,13.22,13.3,0,0,111.0,13.91,20.5
12.15,2862.8,68.0,78.8,13.0,13.0,13.22,13.3,0,0,111.0,13.85,20.8
12.2,2883.6,68.0,78.4,13.0,13.0,13.21,13.3,0,0,110.9,13.89,21.0
12.25,2904.4,68.0,78.0,13.0,13.0,13.21,13.3,0,0,110.9,13.91,21.3
12.3,2925.1,68.0,77.7,13.0,13.0,13.21,13.3,0,0,110.9,13.93,21.5
12.35,2945.8,68.0,77.3,13.0,13.0,13.2,13.3,0,0,110.9,13.9,21.8
12.4,2966.3,68.1,76.9,13.0,13.0,13.19,13.29,0,0,110.9,13.92,22.0
12.45,2986.8,68.2,76.5,13.0,13.0,13.19,13.29,0,0,110.9,13.89,22.3
12.5,3007.1,68.3,76.2,13.0,13.0,13.18,13.29,0,0,110.9,13.89,22.5
12.55,3027.2,68.4,75.8,13.0,13.0,13.18,13.29,0,0,110.9,13.89,22.7
12.6,3047.2,68.6,75.5,13.0,13.0,13.17,13.28,0,0,110.9,13.93,22.9
12.65,3067.0,68.8,75.1,13.0,13.0,13.16,13.28,0,0,110.9,13.92,23.1
12.7,3086.7,69.0,74.8,13.0,13.0,13.16,13.27,0,0,110.9,13.91,23.3
12.75,3106.1,69.2,74.4,13.0,13.0,13.15,13.27,0,0,110.9,13.97,23.5
12.8,3125.4,69.4,74.1,13.0,13.0,13.14,13.27,0,0,110.9,13.9,23.7
12.85,3144.4,69.7,73.8,13.0,13.0,13.14,13.26,0,0,110.9,13.91,23.9
12.9,3163.2,70.0,73.5,13.0,13.0,13.13,13.26,0,0,110.8,13.91,24.0
12.95,3181.7,70.3,73.2,13.0,13.0,13.12,13.25,0,0,110.8,13.9,24.2
13.0,3200.0,70.6,72.9,13.0,13.0,13.11,13.25,0,0,110.8,13.95,24.3
13.05,3218.0,71.0,72.7,13.0,13.0,13.11,13.24,0,0,110.8,13.93,24.5
13.1,3235.7,71.3,72.4,13.0,13.0,13.1,13.23,0,0,110.8,13.87,24.6
13.15,3253.1,71.7,72.1,13.0,13.0,13.09,13.23,0,0,110.8,13.89,24.7
13.2,3270.2,72.1,71.9,13.0,13.0,13.08,13.22,0,0,110.8,13.91,24.8
13.25,3287.0,72.5,71.7,13.0,13.0,13.07,13.21,0,0,110.8,13.92,24.8
13.3,3303.5,72.9,71.5,13.0,13.0,13.07,13.21,0,0,110.8,13.87,24.9
13.35,3319.6,73.4,71.3,13.0,13.0,13.06,13.2,0,0,110.7,13.85,24.9
13.4,3335.3,73.8,71.1,13.0,13.0,13.05,13.19,0,0,110.7,13.86,25.0
13.45,3350.7,74.3,70.9,13.0,13.0,13.04,13.18,0,0,110.7,13.9,25.0
13.5,3365.7,74.8,70.8,13.0,13.0,13.03,13.18,0,0,110.7,13.9,25.0
13.55,3380.3,75.3,70.6,13.0,13.0,13.02,13.17,0,0,110.7,13.91,25.0
13.6,3394.5,75.8,70.5,13.0,13.0,13.01,13.16,0,0,110.7,13.88,25.0
13.65,3408.3,76.3,70.4,13.0,13.0,13.01,13.15,0,0,110.7,13.88,24.9
13.7,3421.7,76.8,70.3,13.0,13.0,13.0,13.14,0,0,110.7,13.86,24.9
13.75,3434.7,77.3,70.2,13.0,13.0,12.99,13.13,0,0,110.6,13.91,24.8
13.8,3447.2,77.9,70.1,13.0,13.0,12.98,13.13,0,0,110.6,13.91,24.8
13.85,3459.3,78.4,70.1,13.0,13.0,12.97,13.12,0,0,110.6,13.92,24.7
13.9,3470.9,78.9,70.0,13.0,13.0,12.96,13.11,0,0,110.6,13.92,24.6
13.95,3482.1,79.5,70.0,13.0,13.0,12.95,13.1,0,0,110.6,13.9,24.5
14.0,3492.8,80.0,70.0,13.0,13.0,12.94,13.09,0,0,110.6,13.93,24.3
14.05,3503.1,80.5,70.0,13.0,13.0,12.94,13.08,0,0,110.5,13.9,24.2
14.1,3512.8,81.1,70.0,13.0,13.0,12.93,13.07,0,0,110.5,13.89,24.0
14.15,3522.1,81.6,70.1,13.0,13.0,12.92,13.06,0,0,110.5,13.89,23.9
14.2,3530.8,82.1,70.1,13.0,13.0,12.91,13.05,0,0,110.5,13.89,23.7
14.25,3539.1,82.7,70.2,13.0,13.0,12.9,13.04,0,0,110.5,13.86,23.5
14.3,3546.9,83.2,70.3,13.0,13.0,12.9,13.03,0,0,110.5,13.9,23.3
14.35,3554.1,83.7,70.4,13.0,13.0,12.89,13.02,0,0,110.4,13.9,23.1
14.4,3560.8,84.2,70.5,13.0,13.0,12.88,13.01,0,0,110.4,13.89,22.9
14.45,3567.1,84.7,70.6,13.0,13.0,12.87,13.0,0,0,110.4,13.89,22.7
14.5,3572.7,85.2,70.8,13.0,13.0,12.86,12.99,0,0,110.4,13.91,22.5
14.55,3577.9,85.7,70.9,13.0,13.0,12.86,12.98,0,0,110.4,13.93,22.3
14.6,3582.5,86.2,71.1,13.0,13.0,12.85,12.97,0,0,110.4,13.9,22.0
14.65,3586.6,86.6,71.3,13.0,13.0,12.84,12.96,0,0,110.3,13.89,21.8
14.7,3590.2,87.1,71.5,13.0,13.0,12.84,12.95,0,0,110.3,13.89,21.5
14.75,3593.2,87.5,71.7,13.0,13.0,12.83,12.94,0,0,110.3,13.9,21.3
14.8,3595.6,87.9,71.9,13.0,13.0,12.82,12.93,0,0,110.3,13.87,21.0
14.85,3597.5,88.3,72.1,13.0,13.0,12.82,12.92,0,0,110.3,13.9,20.8
14.9,3598.9,88.7,72.4,13.0,13.0,12.81,12.91,0,0,110.2,13.9,20.5
14.95,3599.7,89.0,72.7,13.0,13.0,12.81,12.9,0,0,110.2,13.94,20.3
15.0,3600.0,89.4,72.9,13.0,13.0,12.8,12.89,0,0,110.2,13.92,20.0
15.05,3599.7,89.7,73.2,13.0,13.0,12.8,12.88,0,0,110.2,13.92,19.7
15.1,3598.9,90.0,73.5,13.0,13.0,12.79,12.87,0,0,110.2,13.89,19.5
15.15,3597.5,90.3,73.8,13.0,13.0,12.79,12.87,0,0,110.1,13.91,19.2
15.2,3595.6,90.6,74.1,13.0,13.0,12.78,12.86,0,0,110.1,13.88,19.0
15.25,3593.2,90.8,74.4,13.0,13.0,12.78,12.85,0,0,110.1,13.91,18.7
15.3,3590.2,91.0,74.8,13.0,13.0,12.77,12.84,0,0,110.1,13.91,18.5
15.35,3586.6,91.2,75.1,13.0,13.0,12.77,12.83,0,0,110.0,13.88,18.2
15.4,3582.5,91.4,75.5,13.0,13.0,12.77,12.82,0,0,110.0,13.94,18.0
15.45,3577.9,91.6,75.8,13.0,13.0,12.76,12.82,0,0,110.0,13.91,17.7
15.5,3572.7,91.7,76.2,13.0,13.0,12.76,12.81,0,0,110.0,13.86,17.5
15.55,3567.1,91.8,76.5,13.0,13.0,12.76,12.8,0,0,110.0,13.91,17.3
15.6,3560.8,91.9,76.9,13.0,13.0,12.76,12.79,0,0,109.9,13.89,17.1
15.65,3554.1,92.0,77.3,13.0,13.0,12.75,12.79,0,0,109.9,13.9,16.9
15.7,3546.9,92.0,77.7,13.0,13.0,12.75,12.78,0,0,109.9,13.91,16.7
15.75,3539.1,92.0,78.0,13.0,13.0,12.75,12.77,0,0,109.9,13.91,16.5
15.8,3530.8,92.0,78.4,13.0,13.0,12.75,12.77,0,0,109.8,13.86,16.3
15.85,3522.1,92.0,78.8,13.0,13.0,12.75,12.76,0,0,109.8,13.88,16.1
15.9,3512.8,91.9,79.2,13.0,13.0,12.75,12.75,0,0,109.8,13.92,16.0
15.95,3503.1,91.8,79.6,13.0,13.0,12.75,12.75,0,0,109.8,13.93,15.8
16.0,3492.8,91.7,80.0,13.0,13.0,12.75,12.74,0,0,109.7,13.94,15.7
16.05,3482.1,91.6,80.4,13.0,13.0,12.75,12.74,0,0,109.7,13.94,15.5
16.1,3470.9,91.4,80.8,13.0,13.0,12.75,12.73,0,0,109.7,13.86,15.4
16.15,3459.3,91.2,81.2,13.0,13.0,12.75,12.73,0,0,109.6,13.92,15.3
16.2,3447.2,91.0,81.6,13.0,13.0,12.75,12.73,0,0,109.6,13.86,15.2
16.25,3434.7,90.8,82.0,13.0,13.0,12.76,12.72,0,0,109.6,13.93,15.2
16.3,3421.7,90.6,82.3,13.0,13.0,12.76,12.72,0,0,109.6,13.91,15.1
16.35,3408.3,90.3,82.7,13.0,13.0,12.76,12.71,0,0,109.5,13.88,15.1
16.4,3394.5,90.0,83.1,13.0,13.0,12.76,12.71,0,0,109.5,13.94,15.0
16.45,3380.3,89.7,83.5,13.0,13.0,12.77,12.71,0,0,109.5,13.91,15.0
16.5,3365.7,89.4,83.8,13.0,13.0,12.77,12.71,0,0,109.5,13.86,15.0
16.55,3350.7,89.0,84.2,13.0,13.0,12.77,12.7,0,0,109.4,13.91,15.0
16.6,3335.3,88.7,84.5,13.0,13.0,12.78,12.7,0,0,109.4,13.89,15.0
16.65,3319.6,88.3,84.9,13.0,13.0,12.78,12.7,0,0,109.4,13.9,15.1
16.7,3303.5,87.9,85.2,13.0,13.0,12.79,12.7,0,0,109.3,13.89,15.1
16.75,3287.0,87.5,85.6,13.0,13.0,12.79,12.7,0,0,109.3,13.93,15.2
16.8,3270.2,87.1,85.9,13.0,13.0,12.79,12.7,0,0,109.3,13.87,15.2
16.85,3253.1,86.6,86.2,13.0,13.0,12.8,12.7,0,0,109.3,13.91,15.3
16.9,3235.7,86.2,86.5,13.0,13.0,12.81,12.7,0,0,109.2,13.94,15.4
16.95,3218.0,85.7,86.8,13.0,13.0,12.81,12.7,0,0,109.2,13.88,15.5
17.0,3200.0,85.2,87.1,13.0,13.0,12.82,12.7,0,0,109.2,13.9,15.7
17.05,3181.7,84.7,87.3,13.0,13.0,12.82,12.7,0,0,109.1,13.9,15.8
17.1,3163.2,84.2,87.6,13.0,13.0,12.83,12.7,0,0,109.1,13.89,16.0
17.15,3144.4,83.7,87.9,13.0,13.0,12.84,12.71,0,0,109.1,13.91,16.1
17.2,3125.4,83.2,88.1,13.0,13.0,12.84,12.71,0,0,109.0,13.9,16.3
17.25,3106.1,82.7,88.3,13.0,13.0,12.85,12.71,0,0,109.0,13.88,16.5
17.3,3086.7,82.1,88.5,13.0,13.0,12.86,12.71,0,0,109.0,13.94,16.7
17.35,3067.0,81.6,88.7,13.0,13.0,12.86,12.72,0,0,109.0,13.92,16.9
17.4,3047.2,81.1,88.9,13.0,13.0,12.87,12.72,0,0,108.9,13.9,17.1
17.45,3027.2,80.5,89.1,13.0,13.0,12.88,12.73,0,0,108.9,13.89,17.3
17.5,3007.1,80.0,89.2,13.0,13.0,12.89,12.73,0,0,108.9,13.88,17.5
17.55,2986.8,79.5,89.4,13.0,13.0,12.89,12.73,0,0,108.8,13.92,17.7
17.6,2966.3,78.9,89.5,13.0,13.0,12.9,12.74,0,0,108.8,13.9,18.0
17.65,2945.8,78.4,89.6,13.0,13.0,12.91,12.74,0,0,108.8,13.91,18.2
17.7,2925.1,77.9,89.7,13.0,13.0,12.92,12.75,0,0,108.7,13.9,18.5
17.75,2904.4,77.3,89.8,13.0,13.0,12.93,12.75,0,0,108.7,13.91,18.7
17.8,2883.6,76.8,89.9,13.0,13.0,12.93,12.76,0,0,108.7,13.9,19.0
17.85,2862.8,76.3,89.9,13.0,13.0,12.94,12.77,0,0,108.6,13.92,19.2
17.9,2841.9,75.8,90.0,13.0,13.0,12.95,12.77,0,0,108.6,13.9,19.5
17.95,2820.9,75.3,90.0,13.0,13.0,12.96,12.78,0,0,108.6,13.92,19.7
18.0,2800.0,74.8,90.0,13.0,13.0,12.97,12.79,0,0,108.5,13.91,20.0
18.05,2779.1,74.3,90.0,13.0,13.0,12.98,12.79,0,0,108.5,13.9,20.3
18.1,2758.1,73.8,90.0,13.0,13.0,12.99,12.8,0,0,108.5,13.88,20.5
18.15,2737.2,73.4,89.9,13.0,13.0,12.99,12.81,0,0,108.4,13.88,20.8
18.2,2716.4,72.9,89.9,13.0,13.0,13.0,12.82,0,0,108.4,13.89,21.0
18.25,2695.6,72.5,89.8,13.0,13.0,13.01,12.82,0,0,108.4,13.88,21.3
18.3,2674.9,72.1,89.7,13.0,13.0,13.02,12.83,0,0,108.3,13.92,21.5
18.35,2654.2,71.7,89.6,13.0,13.0,13.03,12.84,0,0,108.3,13.9,21.8
18.4,2633.7,71.3,89.5,13.0,13.0,13.04,12.85,0,0,108.3,13.93,22.0
18.45,2613.2,71.0,89.4,13.0,13.0,13.05,12.86,0,0,108.2,13.95,22.3
18.5,2592.9,70.6,89.2,13.0,13.0,13.06,12.87,0,0,108.2,13.9,22.5
18.55,2572.8,70.3,89.1,13.0,13.0,13.06,12.87,0,0,108.1,13.87,22.7
18.6,2552.8,70.0,88.9,13.0,13.0,13.07,12.88,0,0,108.1,13.89,22.9
18.65,2533.0,69.7,88.7,13.0,13.0,13.08,12.89,0,0,108.1,13.9,23.1
18.7,2513.3,69.4,88.5,13.0,13.0,13.09,12.9,0,0,108.0,13.87,23.3
18.75,2493.9,69.2,88.3,13.0,13.0,13.1,12.91,0,0,108.0,13.89,23.5
18.8,2474.6,69.0,88.1,13.0,13.0,13.1,12.92,0,0,108.0,13.91,23.7
18.85,2455.6,68.8,87.9,13.0,13.0,13.11,12.93,0,0,107.9,13.89,23.9
18.9,2436.8,68.6,87.6,13.0,13.0,13.12,12.94,0,0,107.9,13.88,24.0
18.95,2418.3,68.4,87.3,13.0,13.0,13.13,12.95,0,0,107.9,13.88,24.2
19.0,2400.0,68.3,87.1,13.0,13.0,13.14,12.96,0,0,107.8,13.94,24.3
19.05,2382.0,68.2,86.8,13.0,13.0,13.14,12.97,0,0,107.8,13.9,24.5
19.1,2364.3,68.1,86.5,13.0,13.0,13.15,12.98,0,0,107.7,13.88,24.6
19.15,2346.9,68.0,86.2,13.0,13.0,13.16,12.99,0,0,107.7,13.89,24.7
19.2,2329.8,68.0,85.9,13.0,13.0,13.16,13.0,0,0,107.7,13.92,24.8
19.25,2313.0,68.0,85.6,13.0,13.0,13.17,13.01,0,0,107.6,13.89,24.8
19.3,2296.5,68.0,85.2,13.0,13.0,13.18,13.02,0,0,107.6,13.91,24.9
19.35,2280.4,68.0,84.9,13.0,13.0,13.18,13.03,0,0,107.6,13.91,24.9
19.4,2264.7,68.1,84.5,13.0,13.0,13.19,13.04,0,0,107.5,13.91,25.0
19.45,2249.3,68.2,84.2,13.0,13.0,13.19,13.05,0,0,107.5,13.93,25.0
19.5,2234.3,68.3,83.8,13.0,13.0,13.2,13.06,0,0,107.4,13.89,25.0
19.55,2219.7,68.4,83.5,13.0,13.0,13.2,13.07,0,0,107.4,13.92,25.0
19.6,2205.5,68.6,83.1,13.0,13.0,13.21,13.08,0,0,107.4,13.88,25.0
19.65,2191.7,68.8,82.7,13.0,13.0,13.21,13.09,0,0,107.3,13.89,24.9
19.7,2178.3,69.0,82.3,13.0,13.0,13.22,13.1,0,0,107.3,13.92,24.9
19.75,2165.3,69.2,82.0,13.0,13.0,13.22,13.11,0,0,107.2,13.92,24.8
19.8,2152.8,69.4,81.6,13.0,13.0,13.23,13.12,0,0,107.2,13.9,24.8
19.85,2140.7,69.7,81.2,13.0,13.0,13.23,13.13,0,0,107.2,13.88,24.7
19.9,2129.1,70.0,80.8,13.0,13.0,13.23,13.13,0,0,107.1,13.91,24.6
19.95,2117.9,70.3,80.4,13.0,13.0,13.24,13.14,0,0,107.1,13.89,24.5
20.0,2107.2,70.6,80.0,13.0,13.0,13.24,13.15,0,0,107.1,13.88,24.3
20.05,2096.9,71.0,79.6,13.0,13.0,13.24,13.16,0,0,107.0,13.89,24.2
20.1,2087.2,71.3,79.2,13.0,13.0,13.24,13.17,0,0,107.0,13.9,24.0
20.15,2077.9,71.7,78.8,13.0,13.0,13.25,13.18,0,0,106.9,13.86,23.9
20.2,2069.2,72.1,78.4,13.0,13.0,13.25,13.18,0,0,106.9,13.91,23.7
20.25,2060.9,72.5,78.0,13.0,13.0,13.25,13.19,0,0,106.9,13.9,23.5
20.3,2053.1,72.9,77.7,13.0,13.0,13.25,13.2,0,0,106.8,13.89,23.3
20.35,2045.9,73.4,77.3,13.0,13.0,13.25,13.21,0,0,106.8,13.92,23.1
20.4,2039.2,73.8,76.9,13.0,13.0,13.25,13.21,0,0,106.7,13.91,22.9
20.45,2032.9,74.3,76.5,13.0,13.0,13.25,13.22,0,0,106.7,13.89,22.7
20.5,2027.3,74.8,76.2,13.0,13.0,13.25,13.23,0,0,106.7,13.89,22.5
20.55,2022.1,75.3,75.8,13.0,13.0,13.25,13.23,0,0,106.6,13.91,22.3
20.6,2017.5,75.8,75.5,13.0,13.0,13.25,13.24,0,0,106.6,13.87,22.0
20.65,2013.4,76.3,75.1,13.0,13.0,13.25,13.25,0,0,106.5,13.89,21.8
20.7,2009.8,76.8,74.8,13.0,13.0,13.25,13.25,0,0,106.5,13.89,21.5
20.75,2006.8,77.3,74.4,13.0,13.0,13.24,13.26,0,0,106.5,13.9,21.3
20.8,2004.4,77.9,74.1,13.0,13.0,13.24,13.26,0,0,106.4,13.9,21.0
20.85,2002.5,78.4,73.8,13.0,13.0,13.24,13.27,0,0,106.4,13.9,20.8
20.9,2001.1,78.9,73.5,13.0,13.0,13.24,13.27,0,0,106.3,13.92,20.5
20.95,2000.3,79.5,73.2,13.0,13.0,13.23,13.27,0,0,106.3,13.9,20.3
21.0,2000.0,80.0,72.9,13.0,13.0,13.23,13.28,0,0,106.2,13.89,20.0
21.05,2000.3,80.5,72.7,13.0,13.0,13.23,13.28,0,0,106.2,13.88,19.7
21.1,2001.1,81.1,72.4,13.0,13.0,13.22,13.29,0,0,106.2,13.91,19.5
21.15,2002.5,81.6,72.1,13.0,13.0,13.22,13.29,0,0,106.1,13.91,19.2
21.2,2004.4,82.1,71.9,13.0,13.0,13.21,13.29,0,0,106.1,13.93,19.0
21.25,2006.8,82.7,71.7,13.0,13.0,13.21,13.29,0,0,106.0,13.89,18.7
21.3,2009.8,83.2,71.5,13.0,13.0,13.21,13.3,0,0,106.0,13.9,18.5
21.35,2013.4,83.7,71.3,13.0,13.0,13.2,13.3,0,0,106.0,13.9,18.2
21.4,2017.5,84.2,71.1,13.0,13.0,13.19,13.3,0,0,105.9,13.9,18.0
21.45,2022.1,84.7,70.9,13.0,13.0,13.19,13.3,0,0,105.9,13.9,17.7
21.5,2027.3,85.2,70.8,13.0,13.0,13.18,13.3,0,0,105.8,13.87,17.5
21.55,2032.9,85.7,70.6,13.0,13.0,13.18,13.3,0,0,105.8,13.92,17.3
21.6,2039.2,86.2,70.5,13.0,13.0,13.17,13.3,0,0,105.8,13.91,17.1
21.65,2045.9,86.6,70.4,13.0,13.0,13.16,13.3,0,0,105.7,13.92,16.9
21.7,2053.1,87.1,70.3,13.0,13.0,13.16,13.3,0,0,105.7,13.94,16.7
21.75,2060.9,87.5,70.2,13.0,13.0,13.15,13.3,0,0,105.6,13.89,16.5
21.8,2069.2,87.9,70.1,13.0,13.0,13.14,13.3,0,0,105.6,13.9,16.3
21.85,2077.9,88.3,70.1,13.0,13.0,13.14,13.3,0,0,105.5,13.9,16.1
21.9,2087.2,88.7,70.0,13.0,13.0,13.13,13.29,0,0,105.5,13.94,16.0
21.95,2096.9,89.0,70.0,13.0,13.0,13.12,13.29,0,0,105.5,13.87,15.8
22.0,2107.2,89.4,70.0,13.0,13.0,13.11,13.29,0,0,105.4,13.91,15.7
22.05,2117.9,89.7,70.0,13.0,13.0,13.11,13.29,0,0,105.4,13.87,15.5
22.1,2129.1,90.0,70.0,13.0,13.0,13.1,13.28,0,0,105.3,13.85,15.4
22.15,2140.7,90.3,70.1,13.0,13.0,13.09,13.28,0,0,105.3,13.86,15.3
22.2,2152.8,90.6,70.1,13.0,13.0,13.08,13.27,0,0,105.3,13.87,15.2
22.25,2165.3,90.8,70.2,13.0,13.0,13.07,13.27,0,0,105.2,13.92,15.2
22.3,2178.3,91.0,70.3,13.0,13.0,13.07,13.27,0,0,105.2,13.88,15.1
22.35,2191.7,91.2,70.4,13.0,13.0,13.06,13.26,0,0,105.1,13.9,15.1
22.4,2205.5,91.4,70.5,13.0,13.0,13.05,13.26,0,0,105.1,13.88,15.0
22.45,2219.7,91.6,70.6,13.0,13.0,13.04,13.25,0,0,105.0,13.91,15.0
22.5,2234.3,91.7,70.8,13.0,13.0,13.03,13.25,0,0,105.0,13.88,15.0
22.55,2249.3,91.8,70.9,13.0,13.0,13.02,13.24,0,0,105.0,13.93,15.0
22.6,2264.7,91.9,71.1,13.0,13.0,13.01,13.23,0,0,104.9,13.88,15.0
22.65,2280.4,92.0,71.3,13.0,13.0,13.01,13.23,0,0,104.9,13.88,15.1
22.7,2296.5,92.0,71.5,13.0,13.0,13.0,13.22,0,0,104.8,13.9,15.1
22.75,2313.0,92.0,71.7,13.0,13.0,12.99,13.21,0,0,104.8,13.9,15.2
22.8,2329.8,92.0,71.9,13.0,13.0,12.98,13.21,0,0,104.7,13.93,15.2
22.85,2346.9,92.0,72.1,13.0,13.0,12.97,13.2,0,0,104.7,13.9,15.3
22.9,2364.3,91.9,72.4,13.0,13.0,12.96,13.19,0,0,104.7,13.88,15.4
22.95,2382.0,91.8,72.7,13.0,13.0,12.95,13.18,0,0,104.6,13.89,15.5
23.0,2400.0,91.7,72.9,13.0,13.0,12.94,13.18,0,0,104.6,13.89,15.7
23.05,2418.3,91.6,73.2,13.0,13.0,12.94,13.17,0,0,104.5,13.91,15.8
23.1,2436.8,91.4,73.5,13.0,13.0,12.93,13.16,0,0,104.5,13.91,16.0
23.15,2455.6,91.2,73.8,13.0,13.0,12.92,13.15,0,0,104.5,13.9,16.1
23.2,2474.6,91.0,74.1,13.0,13.0,12.91,13.14,0,0,104.4,13.92,16.3
23.25,2493.9,90.8,74.4,13.0,13.0,12.9,13.13,0,0,104.4,13.89,16.5
23.3,2513.3,90.6,74.8,13.0,13.0,12.9,13.13,0,0,104.3,13.9,16.7
23.35,2533.0,90.3,75.1,13.0,13.0,12.89,13.12,0,0,104.3,13.9,16.9
23.4,2552.8,90.0,75.5,13.0,13.0,12.88,13.11,0,0,104.2,13.93,17.1
23.45,2572.8,89.7,75.8,13.0,13.0,12.87,13.1,0,0,104.2,13.9,17.3
23.5,2592.9,89.4,76.2,13.0,13.0,12.86,13.09,0,0,104.2,13.89,17.5
23.55,2613.2,89.0,76.5,13.0,13.0,12.86,13.08,0,0,104.1,13.88,17.7
23.6,2633.7,88.7,76.9,13.0,13.0,12.85,13.07,0,0,104.1,13.91,18.0
23.65,2654.2,88.3,77.3,13.0,13.0,12.84,13.06,0,0,104.0,13.89,18.2
23.7,2674.9,87.9,77.7,13.0,13.0,12.84,13.05,0,0,104.0,13.91,18.5
23.75,2695.6,87.5,78.0,13.0,13.0,12.83,13.04,0,0,104.0,13.86,18.7
23.8,2716.4,87.1,78.4,13.0,13.0,12.82,13.03,0,0,103.9,13.92,19.0
23.85,2737.2,86.6,78.8,13.0,13.0,12.82,13.02,0,0,103.9,13.87,19.2
23.9,2758.1,86.2,79.2,13.0,13.0,12.81,13.01,0,0,103.8,13.88,19.5
23.95,2779.1,85.7,79.6,13.0,13.0,12.81,13.0,0,0,103.8,13.92,19.7
24.0,2800.0,85.2,80.0,13.0,13.0,12.8,12.99,0,0,103.8,13.87,20.0
24.05,2820.9,84.7,80.4,13.0,13.0,12.8,12.98,0,0,103.7,13.9,20.3
24.1,2841.9,84.2,80.8,13.0,13.0,12.79,12.97,0,0,103.7,13.9,20.5
24.15,2862.8,83.7,81.2,13.0,13.0,12.79,12.96,0,0,103.6,13.88,20.8
24.2,2883.6,83.2,81.6,13.0,13.0,12.78,12.95,0,0,103.6,13.93,21.0
24.25,2904.4,82.7,82.0,13.0,13.0,12.78,12.94,0,0,103.5,13.93,21.3
24.3,2925.1,82.1,82.3,13.0,13.0,12.77,12.93,0,0,103.5,13.86,21.5
24.35,2945.8,81.6,82.7,13.0,13.0,12.77,12.92,0,0,103.5,13.87,21.8
24.4,2966.3,81.1,83.1,13.0,13.0,12.77,12.91,0,0,103.4,13.92,22.0
24.45,2986.8,80.5,83.5,13.0,13.0,12.76,12.9,0,0,103.4,13.87,22.3
24.5,3007.1,80.0,83.8,13.0,13.0,12.76,12.89,0,0,103.3,13.89,22.5
24.55,3027.2,79.5,84.2,13.0,13.0,12.76,12.88,0,0,103.3,13.9,22.7
24.6,3047.2,78.9,84.5,13.0,13.0,12.76,12.87,0,0,103.3,13.91,22.9
24.65,3067.0,78.4,84.9,13.0,13.0,12.75,12.87,0,0,103.2,13.9,23.1
24.7,3086.7,77.9,85.2,13.0,13.0,12.75,12.86,0,0,103.2,13.9,23.3
24.75,3106.1,77.3,85.6,13.0,13.0,12.75,12.85,0,0,103.1,13.88,23.5
24.8,3125.4,76.8,85.9,13.0,13.0,12.75,12.84,0,0,103.1,13.93,23.7
24.85,3144.4,76.3,86.2,13.0,13.0,12.75,12.83,0,0,103.1,13.89,23.9
24.9,3163.2,75.8,86.5,13.0,13.0,12.75,12.82,0,0,103.0,13.91,24.0
24.95,3181.7,75.3,86.8,13.0,13.0,12.75,12.82,0,0,103.0,13.89,24.2
25.0,3200.0,74.8,87.1,13.0,13.0,12.75,12.81,0,0,102.9,13.9,24.3
25.05,3218.0,74.3,87.3,13.0,13.0,12.75,12.8,0,0,102.9,13.9,24.5
25.1,3235.7,73.8,87.6,13.0,13.0,12.75,12.79,0,0,102.9,13.9,24.6
25.15,3253.1,73.4,87.9,13.0,13.0,12.75,12.79,0,0,102.8,13.88,24.7
25.2,3270.2,72.9,88.1,13.0,13.0,12.75,12.78,0,0,102.8,13.92,24.8
25.25,3287.0,72.5,88.3,13.0,13.0,12.76,12.77,0,0,102.8,13.93,24.8
25.3,3303.5,72.1,88.5,13.0,13.0,12.76,12.77,0,0,102.7,13.9,24.9
25.35,3319.6,71.7,88.7,13.0,13.0,12.76,12.76,0,0,102.7,13.91,24.9
25.4,3335.3,71.3,88.9,13.0,13.0,12.76,12.75,0,0,102.6,13.92,25.0
25.45,3350.7,71.0,89.1,13.0,13.0,12.77,12.75,0,0,102.6,13.92,25.0
25.5,3365.7,70.6,89.2,13.0,13.0,12.77,12.74,0,0,102.6,13.91,25.0
25.55,3380.3,70.3,89.4,13.0,13.0,12.77,12.74,0,0,102.5,13.9,25.0
25.6,3394.5,70.0,89.5,13.0,13.0,12.78,12.73,0,0,102.5,13.92,25.0
25.65,3408.3,69.7,89.6,13.0,13.0,12.78,12.73,0,0,102.4,13.9,24.9
25.7,3421.7,69.4,89.7,13.0,13.0,12.79,12.73,0,0,102.4,13.88,24.9
25.75,3434.7,69.2,89.8,13.0,13.0,12.79,12.72,0,0,102.4,13.9,24.8
25.8,3447.2,69.0,89.9,13.0,13.0,12.79,12.72,0,0,102.3,13.86,24.8
25.85,3459.3,68.8,89.9,13.0,13.0,12.8,12.71,0,0,102.3,13.9,24.7
25.9,3470.9,68.6,90.0,13.0,13.0,12.81,12.71,0,0,102.3,13.91,24.6
25.95,3482.1,68.4,90.0,13.0,13.0,12.81,12.71,0,0,102.2,13.92,24.5
26.0,3492.8,68.3,90.0,13.0,13.0,12.82,12.71,0,0,102.2,13.9,24.3
26.05,3503.1,68.2,90.0,13.0,13.0,12.82,12.7,0,0,102.1,13.92,24.2
26.1,3512.8,68.1,90.0,13.0,13.0,12.83,12.7,0,0,102.1,13.9,24.0
26.15,3522.1,68.0,89.9,13.0,13.0,12.84,12.7,0,0,102.1,13.88,23.9
26.2,3530.8,68.0,89.9,13.0,13.0,12.84,12.7,0,0,102.0,13.87,23.7
26.25,3539.1,68.0,89.8,13.0,13.0,12.85,12.7,0,0,102.0,13.88,23.5
26.3,3546.9,68.0,89.7,13.0,13.0,12.86,12.7,0,0,102.0,13.87,23.3
26.35,3554.1,68.0,89.6,13.0,13.0,12.86,12.7,0,0,101.9,13.91,23.1
26.4,3560.8,68.1,89.5,13.0,13.0,12.87,12.7,0,0,101.9,13.9,22.9
26.45,3567.1,68.2,89.4,13.0,13.0,12.88,12.7,0,0,101.9,13.91,22.7
26.5,3572.7,68.3,89.2,13.0,13.0,12.89,12.7,0,0,101.8,13.9,22.5
26.55,3577.9,68.4,89.1,13.0,13.0,12.89,12.7,0,0,101.8,13.92,22.3
26.6,3582.5,68.6,88.9,13.0,13.0,12.9,12.7,0,0,101.7,13.92,22.0
26.65,3586.6,68.8,88.7,13.0,13.0,12.91,12.71,0,0,101.7,13.89,21.8
26.7,3590.2,69.0,88.5,13.0,13.0,12.92,12.71,0,0,101.7,13.89,21.5
26.75,3593.2,69.2,88.3,13.0,13.0,12.93,12.71,0,0,101.6,13.89,21.3
26.8,3595.6,69.4,88.1,13.0,13.0,12.93,12.71,0,0,101.6,13.87,21.0
26.85,3597.5,69.7,87.9,13.0,13.0,12.94,12.72,0,0,101.6,13.91,20.8
26.9,3598.9,70.0,87.6,13.0,13.0,12.95,12.72,0,0,101.5,13.92,20.5
26.95,3599.7,70.3,87.3,13.0,13.0,12.96,12.73,0,0,101.5,13.9,20.3
27.0,3600.0,70.6,87.1,13.0,13.0,12.97,12.73,0,0,101.5,13.89,20.0
27.05,3599.7,71.0,86.8,13.0,13.0,12.98,12.73,0,0,101.4,13.92,19.7
27.1,3598.9,71.3,86.5,13.0,13.0,12.99,12.74,0,0,101.4,13.85,19.5
27.15,3597.5,71.7,86.2,13.0,13.0,12.99,12.74,0,0,101.4,13.9,19.2
27.2,3595.6,72.1,85.9,13.0,13.0,13.0,12.75,0,0,101.3,13.9,19.0
27.25,3593.2,72.5,85.6,13.0,13.0,13.01,12.75,0,0,101.3,13.89,18.7
27.3,3590.2,72.9,85.2,13.0,13.0,13.02,12.76,0,0,101.3,13.93,18.5
27.35,3586.6,73.4,84.9,13.0,13.0,13.03,12.77,0,0,101.2,13.92,18.2
27.4,3582.5,73.8,84.5,13.0,13.0,13.04,12.77,0,0,101.2,13.89,18.0
27.45,3577.9,74.3,84.2,13.0,13.0,13.05,12.78,0,0,101.2,13.9,17.7
27.5,3572.7,74.8,83.8,13.0,13.0,13.06,12.79,0,0,101.1,13.89,17.5
27.55,3567.1,75.3,83.5,13.0,13.0,13.06,12.79,0,0,101.1,13.89,17.3
27.6,3560.8,75.8,83.1,13.0,13.0,13.07,12.8,0,0,101.1,13.87,17.1
27.65,3554.1,76.3,82.7,13.0,13.0,13.08,12.81,0,0,101.0,13.93,16.9
27.7,3546.9,76.8,82.3,13.0,13.0,13.09,12.82,0,0,101.0,13.92,16.7
27.75,3539.1,77.3,82.0,13.0,13.0,13.1,12.82,0,0,101.0,13.92,16.5
27.8,3530.8,77.9,81.6,13.0,13.0,13.1,12.83,0,0,101.0,13.88,16.3
27.85,3522.1,78.4,81.2,13.0,13.0,13.11,12.84,0,0,100.9,13.94,16.1
27.9,3512.8,78.9,80.8,13.0,13.0,13.12,12.85,0,0,100.9,13.94,16.0
27.95,3503.1,79.5,80.4,13.0,13.0,13.13,12.86,0,0,100.9,13.9,15.8
28.0,3492.8,80.0,80.0,13.0,13.0,13.14,12.87,0,0,100.8,13.88,15.7
28.05,3482.1,80.5,79.6,13.0,13.0,13.14,12.87,0,0,100.8,13.88,15.5
28.1,3470.9,81.1,79.2,13.0,13.0,13.15,12.88,0,0,100.8,13.91,15.4
28.15,3459.3,81.6,78.8,13.0,13.0,13.16,12.89,0,0,100.7,13.88,15.3
28.2,3447.2,82.1,78.4,13.0,13.0,13.16,12.9,0,0,100.7,13.9,15.2
28.25,3434.7,82.7,78.0,13.0,13.0,13.17,12.91,0,0,100.7,13.92,15.2
28.3,3421.7,83.2,77.7,13.0,13.0,13.18,12.92,0,0,100.7,13.87,15.1
28.35,3408.3,83.7,77.3,13.0,13.0,13.18,12.93,0,0,100.6,13.94,15.1
28.4,3394.5,84.2,76.9,13.0,13.0,13.19,12.94,0,0,100.6,13.93,15.0
28.45,3380.3,84.7,76.5,13.0,13.0,13.19,12.95,0,0,100.6,13.88,15.0
28.5,3365.7,85.2,76.2,13.0,13.0,13.2,12.96,0,0,100.5,13.87,15.0
28.55,3350.7,85.7,75.8,13.0,13.0,13.2,12.97,0,0,100.5,13.89,15.0
28.6,3335.3,86.2,75.5,13.0,13.0,13.21,12.98,0,0,100.5,13.88,15.0
28.65,3319.6,86.6,75.1,13.0,13.0,13.21,12.99,0,0,100.5,13.89,15.1
28.7,3303.5,87.1,74.8,13.0,13.0,13.22,13.0,0,0,100.4,13.85,15.1
28.75,3287.0,87.5,74.4,13.0,13.0,13.22,13.01,0,0,100.4,13.9,15.2
28.8,3270.2,87.9,74.1,13.0,13.0,13.23,13.02,0,0,100.4,13.94,15.2
28.85,3253.1,88.3,73.8,13.0,13.0,13.23,13.03,0,0,100.4,13.88,15.3
28.9,3235.7,88.7,73.5,13.0,13.0,13.23,13.04,0,0,100.3,13.89,15.4
28.95,3218.0,89.0,73.2,13.0,13.0,13.24,13.05,0,0,100.3,13.87,15.5
29.0,3200.0,89.4,72.9,13.0,13.0,13.24,13.06,0,0,100.3,13.91,15.7
29.05,3181.7,89.7,72.7,13.0,13.0,13.24,13.07,0,0,100.2,13.9,15.8
29.1,3163.2,90.0,72.4,13.0,13.0,13.24,13.08,0,0,100.2,13.94,16.0
29.15,3144.4,90.3,72.1,13.0,13.0,13.25,13.09,0,0,100.2,13.9,16.1
29.2,3125.4,90.6,71.9,13.0,13.0,13.25,13.1,0,0,100.2,13.89,16.3
29.25,3106.1,90.8,71.7,13.0,13.0,13.25,13.11,0,0,100.1,13.91,16.5
29.3,3086.7,91.0,71.5,13.0,13.0,13.25,13.12,0,0,100.1,13.89,16.7
29.35,3067.0,91.2,71.3,13.0,13.0,13.25,13.13,0,0,100.1,13.87,16.9
29.4,3047.2,91.4,71.1,13.0,13.0,13.25,13.13,0,0,100.1,13.91,17.1
29.45,3027.2,91.6,70.9,13.0,13.0,13.25,13.14,0,0,100.0,13.9,17.3
29.5,3007.1,91.7,70.8,13.0,13.0,13.25,13.15,0,0,100.0,13.9,17.5
29.55,2986.8,91.8,70.6,13.0,13.0,13.25,13.16,0,0,100.0,13.91,17.7
29.6,2966.3,91.9,70.5,13.0,13.0,13.25,13.17,0,0,100.0,13.89,18.0
29.65,2945.8,92.0,70.4,13.0,13.0,13.25,13.18,0,0,100.0,13.91,18.2
29.7,2925.1,92.0,70.3,13.0,13.0,13.25,13.18,0,0,99.9,13.93,18.5
29.75,2904.4,92.0,70.2,13.0,13.0,13.24,13.19,0,0,99.9,13.88,18.7
29.8,2883.6,92.0,70.1,13.0,13.0,13.24,13.2,0,0,99.9,13.93,19.0
29.85,2862.8,92.0,70.1,13.0,13.0,13.24,13.21,0,0,99.9,13.9,19.2
29.9,2841.9,91.9,70.0,13.0,13.0,13.24,13.21,0,0,99.8,13.88,19.5
29.95,2820.9,91.8,70.0,13.0,13.0,13.23,13.22,0,0,99.8,13.95,19.7
30.0,2800.0,91.7,70.0,13.0,13.0,13.23,13.23,0,0,99.8,13.9,20.0
30.05,2779.1,91.6,70.0,13.0,13.0,13.23,13.23,0,0,99.8,13.93,20.3
30.1,2758.1,91.4,70.0,13.0,13.0,13.22,13.24,0,0,99.8,13.92,20.5
30.15,2737.2,91.2,70.1,13.0,13.0,13.22,13.25,0,0,99.7,13.87,20.8
30.2,2716.4,91.0,70.1,13.0,13.0,13.21,13.25,0,0,99.7,13.9,21.0
30.25,2695.6,90.8,70.2,13.0,13.0,13.21,13.26,0,0,99.7,13.89,21.3
30.3,2674.9,90.6,70.3,13.0,13.0,13.21,13.26,0,0,99.7,13.87,21.5
30.35,2654.2,90.3,70.4,13.0,13.0,13.2,13.27,0,0,99.7,13.86,21.8
30.4,2633.7,90.0,70.5,13.0,13.0,13.19,13.27,0,0,99.6,13.9,22.0
30.45,2613.2,89.7,70.6,13.0,13.0,13.19,13.27,0,0,99.6,13.91,22.3
30.5,2592.9,89.4,70.8,13.0,13.0,13.18,13.28,0,0,99.6,13.91,22.5
30.55,2572.8,89.0,70.9,13.0,13.0,13.18,13.28,0,0,99.6,13.89,22.7
30.6,2552.8,88.7,71.1,13.0,13.0,13.17,13.29,0,0,99.6,13.88,22.9
30.65,2533.0,88.3,71.3,13.0,13.0,13.16,13.29,0,0,99.6,13.88,23.1
30.7,2513.3,87.9,71.5,13.0,13.0,13.16,13.29,0,0,99.5,13.89,23.3
30.75,2493.9,87.5,71.7,13.0,13.0,13.15,13.29,0,0,99.5,13.88,23.5
30.8,2474.6,87.1,71.9,13.0,13.0,13.14,13.3,0,0,99.5,13.9,23.7
30.85,2455.6,86.6,72.1,13.0,13.0,13.14,13.3,0,0,99.5,13.9,23.9
30.9,2436.8,86.2,72.4,13.0,13.0,13.13,13.3,0,0,99.5,13.88,24.0
30.95,2418.3,85.7,72.7,13.0,13.0,13.12,13.3,0,0,99.5,13.9,24.2
31.0,2400.0,85.2,72.9,13.0,13.0,13.11,13.3,0,0,99.4,13.88,24.3
31.05,2382.0,84.7,73.2,13.0,13.0,13.11,13.3,0,0,99.4,13.9,24.5
31.1,2364.3,84.2,73.5,13.0,13.0,13.1,13.3,0,0,99.4,13.91,24.6
31.15,2346.9,83.7,73.8,13.0,13.0,13.09,13.3,0,0,99.4,13.9,24.7
31.2,2329.8,83.2,74.1,13.0,13.0,13.08,13.3,0,0,99.4,13.91,24.8
31.25,2313.0,82.7,74.4,13.0,13.0,13.07,13.3,0,0,99.4,13.87,24.8
31.3,2296.5,82.1,74.8,13.0,13.0,13.07,13.3,0,0,99.3,13.89,24.9
31.35,2280.4,81.6,75.1,13.0,13.0,13.06,13.3,0,0,99.3,13.91,24.9
31.4,2264.7,81.1,75.5,13.0,13.0,13.05,13.29,0,0,99.3,13.91,25.0
31.45,2249.3,80.5,75.8,13.0,13.0,13.04,13.29,0,0,99.3,13.87,25.0
31.5,2234.3,80.0,76.2,13.0,13.0,13.03,13.29,0,0,99.3,13.9,25.0
31.55,2219.7,79.5,76.5,13.0,13.0,13.02,13.29,0,0,99.3,13.92,25.0
31.6,2205.5,78.9,76.9,13.0,13.0,13.01,13.28,0,0,99.3,13.9,25.0
31.65,2191.7,78.4,77.3,13.0,13.0,13.01,13.28,0,0,99.3,13.9,24.9
31.7,2178.3,77.9,77.7,13.0,13.0,13.0,13.27,0,0,99.2,13.91,24.9
31.75,2165.3,77.3,78.0,13.0,13.0,12.99,13.27,0,0,99.2,13.9,24.8
31.8,2152.8,76.8,78.4,13.0,13.0,12.98,13.27,0,0,99.2,13.91,24.8
31.85,2140.7,76.3,78.8,13.0,13.0,12.97,13.26,0,0,99.2,13.9,24.7
31.9,2129.1,75.8,79.2,13.0,13.0,12.96,13.26,0,0,99.2,13.9,24.6
31.95,2117.9,75.3,79.6,13.0,13.0,12.95,13.25,0,0,99.2,13.88,24.5
32.0,2107.2,74.8,80.0,13.0,13.0,12.94,13.25,0,0,99.2,13.9,24.3
32.05,2096.9,74.3,80.4,13.0,13.0,12.94,13.24,0,0,99.2,13.93,24.2
32.1,2087.2,73.8,80.8,13.0,13.0,12.93,13.23,0,0,99.2,13.9,24.0
32.15,2077.9,73.4,81.2,13.0,13.0,12.92,13.23,0,0,99.1,13.9,23.9
32.2,2069.2,72.9,81.6,13.0,13.0,12.91,13.22,0,0,99.1,13.89,23.7
32.25,2060.9,72.5,82.0,13.0,13.0,12.9,13.21,0,0,99.1,13.92,23.5
32.3,2053.1,72.1,82.3,13.0,13.0,12.9,13.21,0,0,99.1,13.88,23.3
32.35,2045.9,71.7,82.7,13.0,13.0,12.89,13.2,0,0,99.1,13.92,23.1
32.4,2039.2,71.3,83.1,13.0,13.0,12.88,13.19,0,0,99.1,13.88,22.9
32.45,2032.9,71.0,83.5,13.0,13.0,12.87,13.18,0,0,99.1,13.88,22.7
32.5,2027.3,70.6,83.8,13.0,13.0,12.86,13.18,0,0,99.1,13.9,22.5
32.55,2022.1,70.3,84.2,13.0,13.0,12.86,13.17,0,0,99.1,13.9,22.3
32.6,2017.5,70.0,84.5,13.0,13.0,12.85,13.16,0,0,99.1,13.91,22.0
32.65,2013.4,69.7,84.9,13.0,13.0,12.84,13.15,0,0,99.1,13.92,21.8
32.7,2009.8,69.4,85.2,13.0,13.0,12.84,13.14,0,0,99.1,13.89,21.5
32.75,2006.8,69.2,85.6,13.0,13.0,12.83,13.13,0,0,99.1,13.91,21.3
32.8,2004.4,69.0,85.9,13.0,13.0,12.82,13.13,0,0,99.1,13.88,21.0
32.85,2002.5,68.8,86.2,13.0,13.0,12.82,13.12,0,0,99.0,13.93,20.8
32.9,2001.1,68.6,86.5,13.0,13.0,12.81,13.11,0,0,99.0,13.91,20.5
32.95,2000.3,68.4,86.8,13.0,13.0,12.81,13.1,0,0,99.0,13.91,20.3
33.0,2000.0,68.3,87.1,13.0,13.0,12.8,13.09,0,0,99.0,13.9,20.0
33.05,2000.3,68.2,87.3,13.0,13.0,12.8,13.08,0,0,99.0,13.88,19.7
33.1,2001.1,68.1,87.6,13.0,13.0,12.79,13.07,0,0,99.0,13.89,19.5
33.15,2002.5,68.0,87.9,13.0,13.0,12.79,13.06,0,0,99.0,13.91,19.2
33.2,2004.4,68.0,88.1,13.0,13.0,12.78,13.05,0,0,99.0,13.9,19.0
33.25,2006.8,68.0,88.3,13.0,13.0,12.78,13.04,0,0,99.0,13.9,18.7
33.3,2009.8,68.0,88.5,13.0,13.0,12.77,13.03,0,0,99.0,13.87,18.5
33.35,2013.4,68.0,88.7,13.0,13.0,12.77,13.02,0,0,99.0,13.9,18.2
33.4,2017.5,68.1,88.9,13.0,13.0,12.77,13.01,0,0,99.0,13.89,18.0
33.45,2022.1,68.2,89.1,13.0,13.0,12.76,13.0,0,0,99.0,13.88,17.7
33.5,2027.3,68.3,89.2,13.0,13.0,12.76,12.99,0,0,99.0,13.9,17.5
33.55,2032.9,68.4,89.4,13.0,13.0,12.76,12.98,0,0,99.0,13.86,17.3
33.6,2039.2,68.6,89.5,13.0,13.0,12.76,12.97,0,0,99.0,13.91,17.1
33.65,2045.9,68.8,89.6,13.0,13.0,12.75,12.96,0,0,99.0,13.92,16.9
33.7,2053.1,69.0,89.7,13.0,13.0,12.75,12.95,0,0,99.0,13.9,16.7
33.75,2060.9,69.2,89.8,13.0,13.0,12.75,12.94,0,0,99.0,13.88,16.5
33.8,2069.2,69.4,89.9,13.0,13.0,12.75,12.93,0,0,99.0,13.88,16.3
33.85,2077.9,69.7,89.9,13.0,13.0,12.75,12.92,0,0,99.0,13.9,16.1
33.9,2087.2,70.0,90.0,13.0,13.0,12.75,12.91,0,0,99.0,13.85,16.0
33.95,2096.9,70.3,90.0,13.0,13.0,12.75,12.9,0,0,99.0,13.9,15.8
34.0,2107.2,70.6,90.0,13.0,13.0,12.75,12.89,0,0,99.0,13.91,15.7
34.05,2117.9,71.0,90.0,13.0,13.0,12.75,12.88,0,0,99.0,13.89,15.5
34.1,2129.1,71.3,90.0,13.0,13.0,12.75,12.87,0,0,99.0,13.89,15.4
34.15,2140.7,71.7,89.9,13.0,13.0,12.75,12.87,0,0,99.0,13.9,15.3
34.2,2152.8,72.1,89.9,13.0,13.0,12.75,12.86,0,0,99.0,13.91,15.2
34.25,2165.3,72.5,89.8,13.0,13.0,12.76,12.85,0,0,99.0,13.92,15.2
34.3,2178.3,72.9,89.7,13.0,13.0,12.76,12.84,0,0,99.0,13.9,15.1
34.35,2191.7,73.4,89.6,13.0,13.0,12.76,12.83,0,0,99.0,13.89,15.1
34.4,2205.5,73.8,89.5,13.0,13.0,12.76,12.82,0,0,99.0,13.89,15.0
34.45,2219.7,74.3,89.4,13.0,13.0,12.77,12.82,0,0,99.0,13.9,15.0
34.5,2234.3,74.8,89.2,13.0,13.0,12.77,12.81,0,0,99.0,13.93,15.0
34.55,2249.3,75.3,89.1,13.0,13.0,12.77,12.8,0,0,99.0,13.89,15.0
34.6,2264.7,75.8,88.9,13.0,13.0,12.78,12.79,0,0,99.0,13.88,15.0
34.65,2280.4,76.3,88.7,13.0,13.0,12.78,12.79,0,0,99.0,13.88,15.1
34.7,2296.5,76.8,88.5,13.0,13.0,12.79,12.78,0,0,99.1,13.86,15.1
34.75,2313.0,77.3,88.3,13.0,13.0,12.79,12.77,0,0,99.1,13.91,15.2
34.8,2329.8,77.9,88.1,13.0,13.0,12.79,12.77,0,0,99.1,13.87,15.2
34.85,2346.9,78.4,87.9,13.0,13.0,12.8,12.76,0,0,99.1,13.88,15.3
34.9,2364.3,78.9,87.6,13.0,13.0,12.81,12.75,0,0,99.1,13.86,15.4
34.95,2382.0,79.5,87.3,13.0,13.0,12.81,12.75,0,0,99.1,13.88,15.5
35.0,2400.0,80.0,87.1,13.0,13.0,12.82,12.74,0,0,99.1,13.91,15.7
35.05,2418.3,80.5,86.8,13.0,13.0,12.82,12.74,0,0,99.1,13.87,15.8
35.1,2436.8,81.1,86.5,13.0,13.0,12.83,12.73,0,0,99.1,13.87,16.0
35.15,2455.6,81.6,86.2,13.0,13.0,12.84,12.73,0,0,99.1,13.9,16.1
35.2,2474.6,82.1,85.9,13.0,13.0,12.84,12.73,0,0,99.1,13.89,16.3
35.25,2493.9,82.7,85.6,13.0,13.0,12.85,12.72,0,0,99.1,13.91,16.5
35.3,2513.3,83.2,85.2,13.0,13.0,12.86,12.72,0,0,99.1,13.91,16.7
35.35,2533.0,83.7,84.9,13.0,13.0,12.86,12.71,0,0,99.1,13.9,16.9
35.4,2552.8,84.2,84.5,13.0,13.0,12.87,12.71,0,0,99.2,13.87,17.1
35.45,2572.8,84.7,84.2,13.0,13.0,12.88,12.71,0,0,99.2,13.9,17.3
35.5,2592.9,85.2,83.8,13.0,13.0,12.89,12.71,0,0,99.2,13.91,17.5
35.55,2613.2,85.7,83.5,13.0,13.0,12.89,12.7,0,0,99.2,13.89,17.7
35.6,2633.7,86.2,83.1,13.0,13.0,12.9,12.7,0,0,99.2,13.87,18.0
35.65,2654.2,86.6,82.7,13.0,13.0,12.91,12.7,0,0,99.2,13.92,18.2
35.7,2674.9,87.1,82.3,13.0,13.0,12.92,12.7,0,0,99.2,13.89,18.5
35.75,2695.6,87.5,82.0,13.0,13.0,12.93,12.7,0,0,99.2,13.89,18.7
35.8,2716.4,87.9,81.6,13.0,13.0,12.93,12.7,0,0,99.2,13.9,19.0
35.85,2737.2,88.3,81.2,13.0,13.0,12.94,12.7,0,0,99.3,13.92,19.2
35.9,2758.1,88.7,80.8,13.0,13.0,12.95,12.7,0,0,99.3,13.91,19.5
35.95,2779.1,89.0,80.4,13.0,13.0,12.96,12.7,0,0,99.3,13.89,19.7
36.0,2800.0,89.4,80.0,13.0,13.0,12.97,12.7,0,0,99.3,13.91,20.0
36.05,2820.9,89.7,79.6,13.0,13.0,12.98,12.7,0,0,99.3,13.94,20.3
36.1,2841.9,90.0,79.2,13.0,13.0,12.99,12.7,0,0,99.3,13.93,20.5
36.15,2862.8,90.3,78.8,13.0,13.0,12.99,12.71,0,0,99.3,13.91,20.8
36.2,2883.6,90.6,78.4,13.0,13.0,13.0,12.71,0,0,99.3,13.88,21.0
36.25,2904.4,90.8,78.0,13.0,13.0,13.01,12.71,0,0,99.4,13.98,21.3
36.3,2925.1,91.0,77.7,13.0,13.0,13.02,12.71,0,0,99.4,13.88,21.5
36.35,2945.8,91.2,77.3,13.0,13.0,13.03,12.72,0,0,99.4,13.89,21.8
36.4,2966.3,91.4,76.9,13.0,13.0,13.04,12.72,0,0,99.4,13.89,22.0
36.45,2986.8,91.6,76.5,13.0,13.0,13.05,12.73,0,0,99.4,13.93,22.3
36.5,3007.1,91.7,76.2,13.0,13.0,13.06,12.73,0,0,99.4,13.91,22.5
36.55,3027.2,91.8,75.8,13.0,13.0,13.06,12.73,0,0,99.5,13.87,22.7
36.6,3047.2,91.9,75.5,13.0,13.0,13.07,12.74,0,0,99.5,13.91,22.9
36.65,3067.0,92.0,75.1,13.0,13.0,13.08,12.74,0,0,99.5,13.91,23.1
36.7,3086.7,92.0,74.8,13.0,13.0,13.09,12.75,0,0,99.5,13.89,23.3
36.75,3106.1,92.0,74.4,13.0,13.0,13.1,12.75,0,0,99.5,13.88,23.5
36.8,3125.4,92.0,74.1,13.0,13.0,13.1,12.76,0,0,99.5,13.89,23.7
36.85,3144.4,92.0,73.8,13.0,13.0,13.11,12.77,0,0,99.6,13.89,23.9
36.9,3163.2,91.9,73.5,13.0,13.0,13.12,12.77,0,0,99.6,13.9,24.0
36.95,3181.7,91.8,73.2,13.0,13.0,13.13,12.78,0,0,99.6,13.89,24.2
37.0,3200.0,91.7,72.9,13.0,13.0,13.14,12.79,0,0,99.6,13.91,24.3
37.05,3218.0,91.6,72.7,13.0,13.0,13.14,12.79,0,0,99.6,13.88,24.5
37.1,3235.7,91.4,72.4,13.0,13.0,13.15,12.8,0,0,99.6,13.87,24.6
37.15,3253.1,91.2,72.1,13.0,13.0,13.16,12.81,0,0,99.7,13.89,24.7
37.2,3270.2,91.0,71.9,13.0,13.0,13.16,12.82,0,0,99.7,13.93,24.8
37.25,3287.0,90.8,71.7,13.0,13.0,13.17,12.82,0,0,99.7,13.89,24.8
37.3,3303.5,90.6,71.5,13.0,13.0,13.18,12.83,0,0,99.7,13.95,24.9
37.35,3319.6,90.3,71.3,13.0,13.0,13.18,12.84,0,0,99.7,13.91,24.9
37.4,3335.3,90.0,71.1,13.0,13.0,13.19,12.85,0,0,99.8,13.88,25.0
37.45,3350.7,89.7,70.9,13.0,13.0,13.19,12.86,0,0,99.8,13.88,25.0
37.5,3365.7,89.4,70.8,13.0,13.0,13.2,12.87,0,0,99.8,13.9,25.0
37.55,3380.3,89.0,70.6,13.0,13.0,13.2,12.87,0,0,99.8,13.88,25.0
37.6,3394.5,88.7,70.5,13.0,13.0,13.21,12.88,0,0,99.8,13.95,25.0
37.65,3408.3,88.3,70.4,13.0,13.0,13.21,12.89,0,0,99.9,13.88,24.9
37.7,3421.7,87.9,70.3,13.0,13.0,13.22,12.9,0,0,99.9,13.91,24.9
37.75,3434.7,87.5,70.2,13.0,13.0,13.22,12.91,0,0,99.9,13.93,24.8
37.8,3447.2,87.1,70.1,13.0,13.0,13.23,12.92,0,0,99.9,13.9,24.8
37.85,3459.3,86.6,70.1,13.0,13.0,13.23,12.93,0,0,100.0,13.88,24.7
37.9,3470.9,86.2,70.0,13.0,13.0,13.23,12.94,0,0,100.0,13.89,24.6
37.95,3482.1,85.7,70.0,13.0,13.0,13.24,12.95,0,0,100.0,13.91,24.5
38.0,3492.8,85.2,70.0,13.0,13.0,13.24,12.96,0,0,100.0,13.92,24.3
38.05,3503.1,84.7,70.0,13.0,13.0,13.24,12.97,0,0,100.0,13.9,24.2
38.1,3512.8,84.2,70.0,13.0,13.0,13.24,12.98,0,0,100.1,13.87,24.0
38.15,3522.1,83.7,70.1,13.0,13.0,13.25,12.99,0,0,100.1,13.9,23.9
38.2,3530.8,83.2,70.1,13.0,13.0,13.25,13.0,0,0,100.1,13.89,23.7
38.25,3539.1,82.7,70.2,13.0,13.0,13.25,13.01,0,0,100.1,13.86,23.5
38.3,3546.9,82.1,70.3,13.0,13.0,13.25,13.02,0,0,100.2,13.89,23.3
38.35,3554.1,81.6,70.4,13.0,13.0,13.25,13.03,0,0,100.2,13.87,23.1
38.4,3560.8,81.1,70.5,13.0,13.0,13.25,13.04,0,0,100.2,13.91,22.9
38.45,3567.1,80.5,70.6,13.0,13.0,13.25,13.05,0,0,100.2,13.94,22.7
38.5,3572.7,80.0,70.8,13.0,13.0,13.25,13.06,0,0,100.3,13.94,22.5
38.55,3577.9,79.5,70.9,13.0,13.0,13.25,13.07,0,0,100.3,13.89,22.3
38.6,3582.5,78.9,71.1,13.0,13.0,13.25,13.08,0,0,100.3,13.89,22.0
38.65,3586.6,78.4,71.3,13.0,13.0,13.25,13.09,0,0,100.4,13.91,21.8
38.7,3590.2,77.9,71.5,13.0,13.0,13.25,13.1,0,0,100.4,13.92,21.5
38.75,3593.2,77.3,71.7,13.0,13.0,13.24,13.11,0,0,100.4,13.89,21.3
38.8,3595.6,76.8,71.9,13.0,13.0,13.24,13.12,0,0,100.4,13.9,21.0
38.85,3597.5,76.3,72.1,13.0,13.0,13.24,13.13,0,0,100.5,13.94,20.8
38.9,3598.9,75.8,72.4,13.0,13.0,13.24,13.13,0,0,100.5,13.9,20.5
38.95,3599.7,75.3,72.7,13.0,13.0,13.23,13.14,0,0,100.5,13.89,20.3
39.0,3600.0,74.8,72.9,13.0,13.0,13.23,13.15,0,0,100.5,13.9,20.0
39.05,3599.7,74.3,73.2,13.0,13.0,13.23,13.16,0,0,100.6,13.91,19.7
39.1,3598.9,73.8,73.5,13.0,13.0,13.22,13.17,0,0,100.6,13.88,19.5
39.15,3597.5,73.4,73.8,13.0,13.0,13.22,13.18,0,0,100.6,13.9,19.2
39.2,3595.6,72.9,74.1,13.0,13.0,13.21,13.18,0,0,100.7,13.88,19.0
39.25,3593.2,72.5,74.4,13.0,13.0,13.21,13.19,0,0,100.7,13.89,18.7
39.3,3590.2,72.1,74.8,13.0,13.0,13.21,13.2,0,0,100.7,13.94,18.5
39.35,3586.6,71.7,75.1,13.0,13.0,13.2,13.21,0,0,100.7,13.91,18.2
39.4,3582.5,71.3,75.5,13.0,13.0,13.19,13.21,0,0,100.8,13.9,18.0
39.45,3577.9,71.0,75.8,13.0,13.0,13.19,13.22,0,0,100.8,13.88,17.7
39.5,3572.7,70.6,76.2,13.0,13.0,13.18,13.23,0,0,100.8,13.89,17.5
39.55,3567.1,70.3,76.5,13.0,13.0,13.18,13.23,0,0,100.9,13.92,17.3
39.6,3560.8,70.0,76.9,13.0,13.0,13.17,13.24,0,0,100.9,13.89,17.1
39.65,3554.1,69.7,77.3,13.0,13.0,13.16,13.25,0,0,100.9,13.93,16.9
39.7,3546.9,69.4,77.7,13.0,13.0,13.16,13.25,0,0,101.0,13.87,16.7
39.75,3539.1,69.2,78.0,13.0,13.0,13.15,13.26,0,0,101.0,13.89,16.5
39.8,3530.8,69.0,78.4,13.0,13.0,13.14,13.26,0,0,101.0,13.93,16.3
39.85,3522.1,68.8,78.8,13.0,13.0,13.14,13.27,0,0,101.0,13.86,16.1
39.9,3512.8,68.6,79.2,13.0,13.0,13.13,13.27,0,0,101.1,13.92,16.0
39.95,3503.1,68.4,79.6,13.0,13.0,13.12,13.27,0,0,101.1,13.86,15.8
40.0,3492.8,68.3,80.0,13.0,13.0,13.11,13.28,0,0,101.1,13.9,15.7
40.05,3482.1,68.2,80.4,13.0,13.0,13.11,13.28,0,0,101.2,13.9,15.5
40.1,3470.9,68.1,80.8,13.0,13.0,13.1,13.29,0,0,101.2,13.92,15.4
40.15,3459.3,68.0,81.2,13.0,13.0,13.09,13.29,0,0,101.2,13.84,15.3
40.2,3447.2,68.0,81.6,13.0,13.0,13.08,13.29,0,0,101.3,13.86,15.2
40.25,3434.7,68.0,82.0,13.0,13.0,13.07,13.29,0,0,101.3,13.89,15.2
40.3,3421.7,68.0,82.3,13.0,13.0,13.07,13.3,0,0,101.3,13.9,15.1
40.35,3408.3,68.0,82.7,13.0,13.0,13.06,13.3,0,0,101.4,13.88,15.1
40.4,3394.5,68.1,83.1,13.0,13.0,13.05,13.3,0,0,101.4,13.9,15.0
40.45,3380.3,68.2,83.5,13.0,13.0,13.04,13.3,0,0,101.4,13.88,15.0
40.5,3365.7,68.3,83.8,13.0,13.0,13.03,13.3,0,0,101.5,13.89,15.0
40.55,3350.7,68.4,84.2,13.0,13.0,13.02,13.3,0,0,101.5,13.88,15.0
40.6,3335.3,68.6,84.5,13.0,13.0,13.01,13.3,0,0,101.5,13.9,15.0
40.65,3319.6,68.8,84.9,13.0,13.0,13.01,13.3,0,0,101.6,13.91,15.1
40.7,3303.5,69.0,85.2,13.0,13.0,13.0,13.3,0,0,101.6,13.93,15.1
40.75,3287.0,69.2,85.6,13.0,13.0,12.99,13.3,0,0,101.6,13.89,15.2
40.8,3270.2,69.4,85.9,13.0,13.0,12.98,13.3,0,0,101.7,13.89,15.2
40.85,3253.1,69.7,86.2,13.0,13.0,12.97,13.3,0,0,101.7,13.9,15.3
40.9,3235.7,70.0,86.5,13.0,13.0,12.96,13.29,0,0,101.7,13.89,15.4
40.95,3218.0,70.3,86.8,13.0,13.0,12.95,13.29,0,0,101.8,13.9,15.5
41.0,3200.0,70.6,87.1,13.0,13.0,12.94,13.29,0,0,101.8,13.87,15.7
41.05,3181.7,71.0,87.3,13.0,13.0,12.94,13.29,0,0,101.9,13.91,15.8
41.1,3163.2,71.3,87.6,13.0,13.0,12.93,13.28,0,0,101.9,13.88,16.0
41.15,3144.4,71.7,87.9,13.0,13.0,12.92,13.28,0,0,101.9,13.88,16.1
41.2,3125.4,72.1,88.1,13.0,13.0,12.91,13.27,0,0,102.0,13.87,16.3
41.25,3106.1,72.5,88.3,13.0,13.0,12.9,13.27,0,0,102.0,13.92,16.5
41.3,3086.7,72.9,88.5,13.0,13.0,12.9,13.27,0,0,102.0,13.9,16.7
41.35,3067.0,73.4,88.7,13.0,13.0,12.89,13.26,0,0,102.1,13.92,16.9
41.4,3047.2,73.8,88.9,13.0,13.0,12.88,13.26,0,0,102.1,13.91,17.1
41.45,3027.2,74.3,89.1,13.0,13.0,12.87,13.25,0,0,102.1,13.87,17.3
41.5,3007.1,74.8,89.2,13.0,13.0,12.86,13.25,0,0,102.2,13.88,17.5
41.55,2986.8,75.3,89.4,13.0,13.0,12.86,13.24,0,0,102.2,13.92,17.7
41.6,2966.3,75.8,89.5,13.0,13.0,12.85,13.23,0,0,102.3,13.88,18.0
41.65,2945.8,76.3,89.6,13.0,13.0,12.84,13.23,0,0,102.3,13.88,18.2
41.7,2925.1,76.8,89.7,13.0,13.0,12.84,13.22,0,0,102.3,13.9,18.5
41.75,2904.4,77.3,89.8,13.0,13.0,12.83,13.21,0,0,102.4,13.9,18.7
41.8,2883.6,77.9,89.9,13.0,13.0,12.82,13.21,0,0,102.4,13.88,19.0
41.85,2862.8,78.4,89.9,13.0,13.0,12.82,13.2,0,0,102.4,13.89,19.2
41.9,2841.9,78.9,90.0,13.0,13.0,12.81,13.19,0,0,102.5,13.89,19.5
41.95,2820.9,79.5,90.0,13.0,13.0,12.81,13.18,0,0,102.5,13.85,19.7
42.0,2800.0,80.0,90.0,13.0,13.0,12.8,13.18,0,0,102.6,13.91,20.0
42.05,2779.1,80.5,90.0,13.0,13.0,12.8,13.17,0,0,102.6,13.88,20.3
42.1,2758.1,81.1,90.0,13.0,13.0,12.79,13.16,0,0,102.6,13.93,20.5
42.15,2737.2,81.6,89.9,13.0,13.0,12.79,13.15,0,0,102.7,13.88,20.8
42.2,2716.4,82.1,89.9,13.0,13.0,12.78,13.14,0,0,102.7,13.87,21.0
42.25,2695.6,82.7,89.8,13.0,13.0,12.78,13.13,0,0,102.8,13.92,21.3
42.3,2674.9,83.2,89.7,13.0,13.0,12.77,13.13,0,0,102.8,13.87,21.5
42.35,2654.2,83.7,89.6,13.0,13.0,12.77,13.12,0,0,102.8,13.89,21.8
42.4,2633.7,84.2,89.5,13.0,13.0,12.77,13.11,0,0,102.9,13.91,22.0
42.45,2613.2,84.7,89.4,13.0,13.0,12.76,13.1,0,0,102.9,13.89,22.3
42.5,2592.9,85.2,89.2,13.0,13.0,12.76,13.09,0,0,102.9,13.87,22.5
42.55,2572.8,85.7,89.1,13.0,13.0,12.76,13.08,0,0,103.0,13.9,22.7
42.6,2552.8,86.2,88.9,13.0,13.0,12.76,13.07,0,0,103.0,13.9,22.9
42.65,2533.0,86.6,88.7,13.0,13.0,12.75,13.06,0,0,103.1,13.93,23.1
42.7,2513.3,87.1,88.5,13.0,13.0,12.75,13.05,0,0,103.1,13.91,23.3
42.75,2493.9,87.5,88.3,13.0,13.0,12.75,13.04,0,0,103.1,13.96,23.5
42.8,2474.6,87.9,88.1,13.0,13.0,12.75,13.03,0,0,103.2,13.87,23.7
42.85,2455.6,88.3,87.9,13.0,13.0,12.75,13.02,0,0,103.2,13.9,23.9
42.9,2436.8,88.7,87.6,13.0,13.0,12.75,13.01,0,0,103.3,13.88,24.0
42.95,2418.3,89.0,87.3,13.0,13.0,12.75,13.0,0,0,103.3,13.92,24.2
43.0,2400.0,89.4,87.1,13.0,13.0,12.75,12.99,0,0,103.3,13.92,24.3
43.05,2382.0,89.7,86.8,13.0,13.0,12.75,12.98,0,0,103.4,13.92,24.5
43.1,2364.3,90.0,86.5,13.0,13.0,12.75,12.97,0,0,103.4,13.88,24.6
43.15,2346.9,90.3,86.2,13.0,13.0,12.75,12.96,0,0,103.5,13.89,24.7
43.2,2329.8,90.6,85.9,13.0,13.0,12.75,12.95,0,0,103.5,13.86,24.8
43.25,2313.0,90.8,85.6,13.0,13.0,12.76,12.94,0,0,103.5,13.93,24.8
43.3,2296.5,91.0,85.2,13.0,13.0,12.76,12.93,0,0,103.6,13.91,24.9
43.35,2280.4,91.2,84.9,13.0,13.0,12.76,12.92,0,0,103.6,13.89,24.9
43.4,2264.7,91.4,84.5,13.0,13.0,12.76,12.91,0,0,103.7,13.92,25.0
43.45,2249.3,91.6,84.2,13.0,13.0,12.77,12.9,0,0,103.7,13.92,25.0
43.5,2234.3,91.7,83.8,13.0,13.0,12.77,12.89,0,0,103.8,13.92,25.0
43.55,2219.7,91.8,83.5,13.0,13.0,12.77,12.88,0,0,103.8,13.87,25.0
43.6,2205.5,91.9,83.1,13.0,13.0,12.78,12.87,0,0,103.8,13.89,25.0
43.65,2191.7,92.0,82.7,13.0,13.0,12.78,12.87,0,0,103.9,13.9,24.9
43.7,2178.3,92.0,82.3,13.0,13.0,12.79,12.86,0,0,103.9,13.91,24.9
43.75,2165.3,92.0,82.0,13.0,13.0,12.79,12.85,0,0,104.0,13.92,24.8
43.8,2152.8,92.0,81.6,13.0,13.0,12.79,12.84,0,0,104.0,13.88,24.8
43.85,2140.7,92.0,81.2,13.0,13.0,12.8,12.83,0,0,104.0,13.9,24.7
43.9,2129.1,91.9,80.8,13.0,13.0,12.81,12.82,0,0,104.1,13.94,24.6
43.95,2117.9,91.8,80.4,13.0,13.0,12.81,12.82,0,0,104.1,13.91,24.5
44.0,2107.2,91.7,80.0,13.0,13.0,12.82,12.81,0,0,104.2,13.92,24.3
44.05,2096.9,91.6,79.6,13.0,13.0,12.82,12.8,0,0,104.2,13.9,24.2
44.1,2087.2,91.4,79.2,13.0,13.0,12.83,12.79,0,0,104.2,13.92,24.0
44.15,2077.9,91.2,78.8,13.0,13.0,12.84,12.79,0,0,104.3,13.94,23.9
44.2,2069.2,91.0,78.4,13.0,13.0,12.84,12.78,0,0,104.3,13.9,23.7
44.25,2060.9,90.8,78.0,13.0,13.0,12.85,12.77,0,0,104.4,13.92,23.5
44.3,2053.1,90.6,77.7,13.0,13.0,12.86,12.77,0,0,104.4,13.88,23.3
44.35,2045.9,90.3,77.3,13.0,13.0,12.86,12.76,0,0,104.5,13.91,23.1
44.4,2039.2,90.0,76.9,13.0,13.0,12.87,12.75,0,0,104.5,13.92,22.9
44.45,2032.9,89.7,76.5,13.0,13.0,12.88,12.75,0,0,104.5,13.88,22.7
44.5,2027.3,89.4,76.2,13.0,13.0,12.89,12.74,0,0,104.6,13.92,22.5
44.55,2022.1,89.0,75.8,13.0,13.0,12.89,12.74,0,0,104.6,13.89,22.3
44.6,2017.5,88.7,75.5,13.0,13.0,12.9,12.73,0,0,104.7,13.88,22.0
44.65,2013.4,88.3,75.1,13.0,13.0,12.91,12.73,0,0,104.7,13.9,21.8
44.7,2009.8,87.9,74.8,13.0,13.0,12.92,12.73,0,0,104.7,13.94,21.5
44.75,2006.8,87.5,74.4,13.0,13.0,12.93,12.72,0,0,104.8,13.91,21.3
44.8,2004.4,87.1,74.1,13.0,13.0,12.93,12.72,0,0,104.8,13.92,21.0
44.85,2002.5,86.6,73.8,13.0,13.0,12.94,12.71,0,0,104.9,13.89,20.8
44.9,2001.1,86.2,73.5,13.0,13.0,12.95,12.71,0,0,104.9,13.9,20.5
44.95,2000.3,85.7,73.2,13.0,13.0,12.96,12.71,0,0,105.0,13.88,20.3
45.0,2000.0,85.2,72.9,13.0,13.0,12.97,12.71,0,0,105.0,13.89,20.0
45.05,2000.3,84.7,72.7,13.0,13.0,12.98,12.7,0,0,105.0,13.92,19.7
45.1,2001.1,84.2,72.4,13.0,13.0,12.99,12.7,0,0,105.1,13.9,19.5
45.15,2002.5,83.7,72.1,13.0,13.0,12.99,12.7,0,0,105.1,13.93,19.2
45.2,2004.4,83.2,71.9,13.0,13.0,13.0,12.7,0,0,105.2,13.9,19.0
45.25,2006.8,82.7,71.7,13.0,13.0,13.01,12.7,0,0,105.2,13.9,18.7
45.3,2009.8,82.1,71.5,13.0,13.0,13.02,12.7,0,0,105.3,13.93,18.5
45.35,2013.4,81.6,71.3,13.0,13.0,13.03,12.7,0,0,105.3,13.89,18.2
45.4,2017.5,81.1,71.1,13.0,13.0,13.04,12.7,0,0,105.3,13.87,18.0
45.45,2022.1,80.5,70.9,13.0,13.0,13.05,12.7,0,0,105.4,13.93,17.7
45.5,2027.3,80.0,70.8,13.0,13.0,13.06,12.7,0,0,105.4,13.91,17.5
45.55,2032.9,79.5,70.6,13.0,13.0,13.06,12.7,0,0,105.5,13.86,17.3
45.6,2039.2,78.9,70.5,13.0,13.0,13.07,12.7,0,0,105.5,13.9,17.1
45.65,2045.9,78.4,70.4,13.0,13.0,13.08,12.71,0,0,105.5,13.89,16.9
45.7,2053.1,77.9,70.3,13.0,13.0,13.09,12.71,0,0,105.6,13.93,16.7
45.75,2060.9,77.3,70.2,13.0,13.0,13.1,12.71,0,0,105.6,13.89,16.5
45.8,2069.2,76.8,70.1,13.0,13.0,13.1,12.71,0,0,105.7,13.89,16.3
45.85,2077.9,76.3,70.1,13.0,13.0,13.11,12.72,0,0,105.7,13.88,16.1
45.9,2087.2,75.8,70.0,13.0,13.0,13.12,12.72,0,0,105.8,13.88,16.0
45.95,2096.9,75.3,70.0,13.0,13.0,13.13,12.73,0,0,105.8,13.89,15.8
46.0,2107.2,74.8,70.0,13.0,13.0,13.14,12.73,0,0,105.8,13.87,15.7
46.05,2117.9,74.3,70.0,13.0,13.0,13.14,12.73,0,0,105.9,13.88,15.5
46.1,2129.1,73.8,70.0,13.0,13.0,13.15,12.74,0,0,105.9,13.87,15.4
46.15,2140.7,73.4,70.1,13.0,13.0,13.16,12.74,0,0,106.0,13.87,15.3
46.2,2152.8,72.9,70.1,13.0,13.0,13.16,12.75,0,0,106.0,13.87,15.2
46.25,2165.3,72.5,70.2,13.0,13.0,13.17,12.75,0,0,106.0,13.89,15.2
46.3,2178.3,72.1,70.3,13.0,13.0,13.18,12.76,0,0,106.1,13.89,15.1
46.35,2191.7,71.7,70.4,13.0,13.0,13.18,12.77,0,0,106.1,13.88,15.1
46.4,2205.5,71.3,70.5,13.0,13.0,13.19,12.77,0,0,106.2,13.91,15.0
46.45,2219.7,71.0,70.6,13.0,13.0,13.19,12.78,0,0,106.2,13.9,15.0
46.5,2234.3,70.6,70.8,13.0,13.0,13.2,12.79,0,0,106.2,13.89,15.0
46.55,2249.3,70.3,70.9,13.0,13.0,13.2,12.79,0,0,106.3,13.89,15.0
46.6,2264.7,70.0,71.1,13.0,13.0,13.21,12.8,0,0,106.3,13.93,15.0
46.65,2280.4,69.7,71.3,13.0,13.0,13.21,12.81,0,0,106.4,13.9,15.1
46.7,2296.5,69.4,71.5,13.0,13.0,13.22,12.82,0,0,106.4,13.91,15.1
46.75,2313.0,69.2,71.7,13.0,13.0,13.22,12.82,0,0,106.5,13.85,15.2
46.8,2329.8,69.0,71.9,13.0,13.0,13.23,12.83,0,0,106.5,13.89,15.2
46.85,2346.9,68.8,72.1,13.0,13.0,13.23,12.84,0,0,106.5,13.86,15.3
46.9,2364.3,68.6,72.4,13.0,13.0,13.23,12.85,0,0,106.6,13.89,15.4
46.95,2382.0,68.4,72.7,13.0,13.0,13.24,12.86,0,0,106.6,13.91,15.5
47.0,2400.0,68.3,72.9,13.0,13.0,13.24,12.87,0,0,106.7,13.89,15.7
47.05,2418.3,68.2,73.2,13.0,13.0,13.24,12.87,0,0,106.7,13.91,15.8
47.1,2436.8,68.1,73.5,13.0,13.0,13.24,12.88,0,0,106.7,13.88,16.0
47.15,2455.6,68.0,73.8,13.0,13.0,13.25,12.89,0,0,106.8,13.91,16.1
47.2,2474.6,68.0,74.1,13.0,13.0,13.25,12.9,0,0,106.8,13.87,16.3
47.25,2493.9,68.0,74.4,13.0,13.0,13.25,12.91,0,0,106.9,13.89,16.5
47.3,2513.3,68.0,74.8,13.0,13.0,13.25,12.92,0,0,106.9,13.91,16.7
47.35,2533.0,68.0,75.1,13.0,13.0,13.25,12.93,0,0,106.9,13.91,16.9
47.4,2552.8,68.1,75.5,13.0,13.0,13.25,12.94,0,0,107.0,13.9,17.1
47.45,2572.8,68.2,75.8,13.0,13.0,13.25,12.95,0,0,107.0,13.94,17.3
47.5,2592.9,68.3,76.2,13.0,13.0,13.25,12.96,0,0,107.1,13.89,17.5
47.55,2613.2,68.4,76.5,13.0,13.0,13.25,12.97,0,0,107.1,13.89,17.7
47.6,2633.7,68.6,76.9,13.0,13.0,13.25,12.98,0,0,107.1,13.84,18.0
47.65,2654.2,68.8,77.3,13.0,13.0,13.25,12.99,0,0,107.2,13.94,18.2
47.7,2674.9,69.0,77.7,13.0,13.0,13.25,13.0,0,0,107.2,13.89,18.5
47.75,2695.6,69.2,78.0,13.0,13.0,13.24,13.01,0,0,107.2,13.88,18.7
47.8,2716.4,69.4,78.4,13.0,13.0,13.24,13.02,0,0,107.3,13.93,19.0
47.85,2737.2,69.7,78.8,13.0,13.0,13.24,13.03,0,0,107.3,13.92,19.2
47.9,2758.1,70.0,79.2,13.0,13.0,13.24,13.04,0,0,107.4,13.9,19.5
47.95,2779.1,70.3,79.6,13.0,13.0,13.23,13.05,0,0,107.4,13.87,19.7
48.0,2800.0,70.6,80.0,13.0,13.0,13.23,13.06,0,0,107.4,13.91,20.0
48.05,2820.9,71.0,80.4,13.0,13.0,13.23,13.07,0,0,107.5,13.89,20.3
48.1,2841.9,71.3,80.8,13.0,13.0,13.22,13.08,0,0,107.5,13.88,20.5
48.15,2862.8,71.7,81.2,13.0,13.0,13.22,13.09,0,0,107.6,13.92,20.8
48.2,2883.6,72.1,81.6,13.0,13.0,13.21,13.1,0,0,107.6,13.86,21.0
48.25,2904.4,72.5,82.0,13.0,13.0,13.21,13.11,0,0,107.6,13.91,21.3
48.3,2925.1,72.9,82.3,13.0,13.0,13.21,13.12,0,0,107.7,13.91,21.5
48.35,2945.8,73.4,82.7,13.0,13.0,13.2,13.13,0,0,107.7,13.94,21.8
48.4,2966.3,73.8,83.1,13.0,13.0,13.19,13.13,0,0,107.7,13.91,22.0
48.45,2986.8,74.3,83.5,13.0,13.0,13.19,13.14,0,0,107.8,13.86,22.3
48.5,3007.1,74.8,83.8,13.0,13.0,13.18,13.15,0,0,107.8,13.88,22.5
48.55,3027.2,75.3,84.2,13.0,13.0,13.18,13.16,0,0,107.9,13.9,22.7
48.6,3047.2,75.8,84.5,13.0,13.0,13.17,13.17,0,0,107.9,13.91,22.9
48.65,3067.0,76.3,84.9,13.0,13.0,13.16,13.18,0,0,107.9,13.92,23.1
48.7,3086.7,76.8,85.2,13.0,13.0,13.16,13.18,0,0,108.0,13.86,23.3
48.75,3106.1,77.3,85.6,13.0,13.0,13.15,13.19,0,0,108.0,13.89,23.5
48.8,3125.4,77.9,85.9,13.0,13.0,13.14,13.2,0,0,108.0,13.92,23.7
48.85,3144.4,78.4,86.2,13.0,13.0,13.14,13.21,0,0,108.1,13.93,23.9
48.9,3163.2,78.9,86.5,13.0,13.0,13.13,13.21,0,0,108.1,13.94,24.0
48.95,3181.7,79.5,86.8,13.0,13.0,13.12,13.22,0,0,108.1,13.89,24.2
49.0,3200.0,80.0,87.1,13.0,13.0,13.11,13.23,0,0,108.2,13.92,24.3
49.05,3218.0,80.5,87.3,13.0,13.0,13.11,13.23,0,0,108.2,13.93,24.5
49.1,3235.7,81.1,87.6,13.0,13.0,13.1,13.24,0,0,108.3,13.92,24.6
49.15,3253.1,81.6,87.9,13.0,13.0,13.09,13.25,0,0,108.3,13.91,24.7
49.2,3270.2,82.1,88.1,13.0,13.0,13.08,13.25,0,0,108.3,13.92,24.8
49.25,3287.0,82.7,88.3,13.0,13.0,13.07,13.26,0,0,108.4,13.88,24.8
49.3,3303.5,83.2,88.5,13.0,13.0,13.07,13.26,0,0,108.4,13.87,24.9
49.35,3319.6,83.7,88.7,13.0,13.0,13.06,13.27,0,0,108.4,13.92,24.9
49.4,3335.3,84.2,88.9,13.0,13.0,13.05,13.27,0,0,108.5,13.89,25.0
49.45,3350.7,84.7,89.1,13.0,13.0,13.04,13.27,0,0,108.5,13.9,25.0
49.5,3365.7,85.2,89.2,13.0,13.0,13.03,13.28,0,0,108.5,13.89,25.0
49.55,3380.3,85.7,89.4,13.0,13.0,13.02,13.28,0,0,108.6,13.89,25.0
49.6,3394.5,86.2,89.5,13.0,13.0,13.01,13.29,0,0,108.6,13.9,25.0
49.65,3408.3,86.6,89.6,13.0,13.0,13.01,13.29,0,0,108.6,13.88,24.9
49.7,3421.7,87.1,89.7,13.0,13.0,13.0,13.29,0,0,108.7,13.9,24.9
49.75,3434.7,87.5,89.8,13.0,13.0,12.99,13.29,0,0,108.7,13.9,24.8
49.8,3447.2,87.9,89.9,13.0,13.0,12.98,13.3,0,0,108.7,13.9,24.8
49.85,3459.3,88.3,89.9,13.0,13.0,12.97,13.3,0,0,108.8,13.89,24.7
49.9,3470.9,88.7,90.0,13.0,13.0,12.96,13.3,0,0,108.8,13.92,24.6
49.95,3482.1,89.0,90.0,13.0,13.0,12.95,13.3,0,0,108.8,13.94,24.5
50.0,3492.8,89.4,90.0,13.0,13.0,12.94,13.3,0,0,108.9,13.89,24.3
50.05,3503.1,89.7,90.0,13.0,13.0,12.94,13.3,0,0,108.9,13.92,24.2
50.1,3512.8,90.0,90.0,13.0,13.0,12.93,13.3,0,0,108.9,13.92,24.0
50.15,3522.1,90.3,89.9,13.0,13.0,12.92,13.3,0,0,109.0,13.85,23.9
50.2,3530.8,90.6,89.9,13.0,13.0,12.91,13.3,0,0,109.0,13.88,23.7
50.25,3539.1,90.8,89.8,13.0,13.0,12.9,13.3,0,0,109.0,13.89,23.5
50.3,3546.9,91.0,89.7,13.0,13.0,12.9,13.3,0,0,109.0,13.92,23.3
50.35,3554.1,91.2,89.6,13.0,13.0,12.89,13.3,0,0,109.1,13.9,23.1
50.4,3560.8,91.4,89.5,13.0,13.0,12.88,13.29,0,0,109.1,13.91,22.9
50.45,3567.1,91.6,89.4,13.0,13.0,12.87,13.29,0,0,109.1,13.91,22.7
50.5,3572.7,91.7,89.2,13.0,13.0,12.86,13.29,0,0,109.2,13.88,22.5
50.55,3577.9,91.8,89.1,13.0,13.0,12.86,13.29,0,0,109.2,13.89,22.3
50.6,3582.5,91.9,88.9,13.0,13.0,12.85,13.28,0,0,109.2,13.88,22.0
50.65,3586.6,92.0,88.7,13.0,13.0,12.84,13.28,0,0,109.3,13.9,21.8
50.7,3590.2,92.0,88.5,13.0,13.0,12.84,13.27,0,0,109.3,13.9,21.5
50.75,3593.2,92.0,88.3,13.0,13.0,12.83,13.27,0,0,109.3,13.9,21.3
50.8,3595.6,92.0,88.1,13.0,13.0,12.82,13.27,0,0,109.3,13.89,21.0
50.85,3597.5,92.0,87.9,13.0,13.0,12.82,13.26,0,0,109.4,13.92,20.8
50.9,3598.9,91.9,87.6,13.0,13.0,12.81,13.26,0,0,109.4,13.92,20.5
50.95,3599.7,91.8,87.3,13.0,13.0,12.81,13.25,0,0,109.4,13.93,20.3
51.0,3600.0,91.7,87.1,13.0,13.0,12.8,13.25,0,0,109.5,13.91,20.0
51.05,3599.7,91.6,86.8,13.0,13.0,12.8,13.24,0,0,109.5,13.9,19.7
51.1,3598.9,91.4,86.5,13.0,13.0,12.79,13.23,0,0,109.5,13.91,19.5
51.15,3597.5,91.2,86.2,13.0,13.0,12.79,13.23,0,0,109.5,13.91,19.2
51.2,3595.6,91.0,85.9,13.0,13.0,12.78,13.22,0,0,109.6,13.89,19.0
51.25,3593.2,90.8,85.6,13.0,13.0,12.78,13.21,0,0,109.6,13.93,18.7
51.3,3590.2,90.6,85.2,13.0,13.0,12.77,13.21,0,0,109.6,13.93,18.5
51.35,3586.6,90.3,84.9,13.0,13.0,12.77,13.2,0,0,109.6,13.94,18.2
51.4,3582.5,90.0,84.5,13.0,13.0,12.77,13.19,0,0,109.7,13.9,18.0
51.45,3577.9,89.7,84.2,13.0,13.0,12.76,13.18,0,0,109.7,13.91,17.7
51.5,3572.7,89.4,83.8,13.0,13.0,12.76,13.18,0,0,109.7,13.91,17.5
51.55,3567.1,89.0,83.5,13.0,13.0,12.76,13.17,0,0,109.8,13.9,17.3
51.6,3560.8,88.7,83.1,13.0,13.0,12.76,13.16,0,0,109.8,13.91,17.1
51.65,3554.1,88.3,82.7,13.0,13.0,12.75,13.15,0,0,109.8,13.9,16.9
51.7,3546.9,87.9,82.3,13.0,13.0,12.75,13.14,0,0,109.8,13.9,16.7
51.75,3539.1,87.5,82.0,13.0,13.0,12.75,13.13,0,0,109.9,13.94,16.5
51.8,3530.8,87.1,81.6,13.0,13.0,12.75,13.13,0,0,109.9,13.9,16.3
51.85,3522.1,86.6,81.2,13.0,13.0,12.75,13.12,0,0,109.9,13.9,16.1
51.9,3512.8,86.2,80.8,13.0,13.0,12.75,13.11,0,0,109.9,13.92,16.0
51.95,3503.1,85.7,80.4,13.0,13.0,12.75,13.1,0,0,110.0,13.9,15.8
52.0,3492.8,85.2,80.0,13.0,13.0,12.75,13.09,0,0,110.0,13.91,15.7
52.05,3482.1,84.7,79.6,13.0,13.0,12.75,13.08,0,0,110.0,13.9,15.5
52.1,3470.9,84.2,79.2,13.0,13.0,12.75,13.07,0,0,110.0,13.88,15.4
52.15,3459.3,83.7,78.8,13.0,13.0,12.75,13.06,0,0,110.0,13.9,15.3
52.2,3447.2,83.2,78.4,13.0,13.0,12.75,13.05,0,0,110.1,13.88,15.2
52.25,3434.7,82.7,78.0,13.0,13.0,12.76,13.04,0,0,110.1,13.9,15.2
52.3,3421.7,82.1,77.7,13.0,13.0,12.76,13.03,0,0,110.1,13.88,15.1
52.35,3408.3,81.6,77.3,13.0,13.0,12.76,13.02,0,0,110.1,13.92,15.1
52.4,3394.5,81.1,76.9,13.0,13.0,12.76,13.01,0,0,110.2,13.91,15.0
52.45,3380.3,80.5,76.5,13.0,13.0,12.77,13.0,0,0,110.2,13.91,15.0
52.5,3365.7,80.0,76.2,13.0,13.0,12.77,12.99,0,0,110.2,13.9,15.0
52.55,3350.7,79.5,75.8,13.0,13.0,12.77,12.98,0,0,110.2,13.91,15.0
52.6,3335.3,78.9,75.5,13.0,13.0,12.78,12.97,0,0,110.2,13.86,15.0
52.65,3319.6,78.4,75.1,13.0,13.0,12.78,12.96,0,0,110.3,13.88,15.1
52.7,3303.5,77.9,74.8,13.0,13.0,12.79,12.95,0,0,110.3,13.9,15.1
52.75,3287.0,77.3,74.4,13.0,13.0,12.79,12.94,0,0,110.3,13.91,15.2
52.8,3270.2,76.8,74.1,13.0,13.0,12.79,12.93,0,0,110.3,13.9,15.2
52.85,3253.1,76.3,73.8,13.0,13.0,12.8,12.92,0,0,110.3,13.88,15.3
52.9,3235.7,75.8,73.5,13.0,13.0,12.81,12.91,0,0,110.4,13.9,15.4
52.95,3218.0,75.3,73.2,13.0,13.0,12.81,12.9,0,0,110.4,13.89,15.5
53.0,3200.0,74.8,72.9,13.0,13.0,12.82,12.89,0,0,110.4,13.88,15.7
53.05,3181.7,74.3,72.7,13.0,13.0,12.82,12.88,0,0,110.4,13.91,15.8
53.1,3163.2,73.8,72.4,13.0,13.0,12.83,12.87,0,0,110.4,13.9,16.0
53.15,3144.4,73.4,72.1,13.0,13.0,12.84,12.87,0,0,110.4,13.92,16.1
53.2,3125.4,72.9,71.9,13.0,13.0,12.84,12.86,0,0,110.5,13.91,16.3
53.25,3106.1,72.5,71.7,13.0,13.0,12.85,12.85,0,0,110.5,13.91,16.5
53.3,3086.7,72.1,71.5,13.0,13.0,12.86,12.84,0,0,110.5,13.91,16.7
53.35,3067.0,71.7,71.3,13.0,13.0,12.86,12.83,0,0,110.5,13.88,16.9
53.4,3047.2,71.3,71.1,13.0,13.0,12.87,12.82,0,0,110.5,13.88,17.1
53.45,3027.2,71.0,70.9,13.0,13.0,12.88,12.82,0,0,110.5,13.87,17.3
53.5,3007.1,70.6,70.8,13.0,13.0,12.89,12.81,0,0,110.6,13.96,17.5
53.55,2986.8,70.3,70.6,13.0,13.0,12.89,12.8,0,0,110.6,13.88,17.7
53.6,2966.3,70.0,70.5,13.0,13.0,12.9,12.79,0,0,110.6,13.9,18.0
53.65,2945.8,69.7,70.4,13.0,13.0,12.91,12.79,0,0,110.6,13.89,18.2
53.7,2925.1,69.4,70.3,13.0,13.0,12.92,12.78,0,0,110.6,13.89,18.5
53.75,2904.4,69.2,70.2,13.0,13.0,12.93,12.77,0,0,110.6,13.89,18.7
53.8,2883.6,69.0,70.1,13.0,13.0,12.93,12.77,0,0,110.7,13.86,19.0
53.85,2862.8,68.8,70.1,13.0,13.0,12.94,12.76,0,0,110.7,13.88,19.2
53.9,2841.9,68.6,70.0,13.0,13.0,12.95,12.75,0,0,110.7,13.87,19.5
53.95,2820.9,68.4,70.0,13.0,13.0,12.96,12.75,0,0,110.7,13.9,19.7
54.0,2800.0,68.3,70.0,13.0,13.0,12.97,12.74,0,0,110.7,13.89,20.0
54.05,2779.1,68.2,70.0,13.0,13.0,12.98,12.74,0,0,110.7,13.89,20.3
54.1,2758.1,68.1,70.0,13.0,13.0,12.99,12.73,0,0,110.7,13.9,20.5
54.15,2737.2,68.0,70.1,13.0,13.0,12.99,12.73,0,0,110.7,13.89,20.8
54.2,2716.4,68.0,70.1,13.0,13.0,13.0,12.73,0,0,110.8,13.92,21.0
54.25,2695.6,68.0,70.2,13.0,13.0,13.01,12.72,0,0,110.8,13.89,21.3
54.3,2674.9,68.0,70.3,13.0,13.0,13.02,12.72,0,0,110.8,13.9,21.5
54.35,2654.2,68.0,70.4,13.0,13.0,13.03,12.71,0,0,110.8,13.87,21.8
54.4,2633.7,68.1,70.5,13.0,13.0,13.04,12.71,0,0,110.8,13.91,22.0
54.45,2613.2,68.2,70.6,13.0,13.0,13.05,12.71,0,0,110.8,13.89,22.3
54.5,2592.9,68.3,70.8,13.0,13.0,13.06,12.71,0,0,110.8,13.91,22.5
54.55,2572.8,68.4,70.9,13.0,13.0,13.06,12.7,0,0,110.8,13.91,22.7
54.6,2552.8,68.6,71.1,13.0,13.0,13.07,12.7,0,0,110.8,13.9,22.9
54.65,2533.0,68.8,71.3,13.0,13.0,13.08,12.7,0,0,110.9,13.9,23.1
54.7,2513.3,69.0,71.5,13.0,13.0,13.09,12.7,0,0,110.9,13.89,23.3
54.75,2493.9,69.2,71.7,13.0,13.0,13.1,12.7,0,0,110.9,13.93,23.5
54.8,2474.6,69.4,71.9,13.0,13.0,13.1,12.7,0,0,110.9,13.92,23.7
54.85,2455.6,69.7,72.1,13.0,13.0,13.11,12.7,0,0,110.9,13.91,23.9
54.9,2436.8,70.0,72.4,13.0,13.0,13.12,12.7,0,0,110.9,13.88,24.0
54.95,2418.3,70.3,72.7,13.0,13.0,13.13,12.7,0,0,110.9,13.88,24.2
55.0,2400.0,70.6,72.9,13.0,13.0,13.14,12.7,0,0,110.9,13.89,24.3
55.05,2382.0,71.0,73.2,13.0,13.0,13.14,12.7,0,0,110.9,13.9,24.5
55.1,2364.3,71.3,73.5,13.0,13.0,13.15,12.7,0,0,110.9,13.91,24.6
55.15,2346.9,71.7,73.8,13.0,13.0,13.16,12.71,0,0,110.9,13.88,24.7
55.2,2329.8,72.1,74.1,13.0,13.0,13.16,12.71,0,0,110.9,13.92,24.8
55.25,2313.0,72.5,74.4,13.0,13.0,13.17,12.71,0,0,110.9,13.9,24.8
55.3,2296.5,72.9,74.8,13.0,13.0,13.18,12.71,0,0,110.9,13.86,24.9
55.35,2280.4,73.4,75.1,13.0,13.0,13.18,12.72,0,0,111.0,13.89,24.9
55.4,2264.7,73.8,75.5,13.0,13.0,13.19,12.72,0,0,111.0,13.85,25.0
55.45,2249.3,74.3,75.8,13.0,13.0,13.19,12.73,0,0,111.0,13.88,25.0
55.5,2234.3,74.8,76.2,13.0,13.0,13.2,12.73,0,0,111.0,13.89,25.0
55.55,2219.7,75.3,76.5,13.0,13.0,13.2,12.73,0,0,111.0,13.89,25.0
55.6,2205.5,75.8,76.9,13.0,13.0,13.21,12.74,0,0,111.0,13.89,25.0
55.65,2191.7,76.3,77.3,13.0,13.0,13.21,12.74,0,0,111.0,13.89,24.9
55.7,2178.3,76.8,77.7,13.0,13.0,13.22,12.75,0,0,111.0,13.89,24.9
55.75,2165.3,77.3,78.0,13.0,13.0,13.22,12.75,0,0,111.0,13.93,24.8
55.8,2152.8,77.9,78.4,13.0,13.0,13.23,12.76,0,0,111.0,13.92,24.8
55.85,2140.7,78.4,78.8,13.0,13.0,13.23,12.77,0,0,111.0,13.88,24.7
55.9,2129.1,78.9,79.2,13.0,13.0,13.23,12.77,0,0,111.0,13.93,24.6
55.95,2117.9,79.5,79.6,13.0,13.0,13.24,12.78,0,0,111.0,13.87,24.5
56.0,2107.2,80.0,80.0,13.0,13.0,13.24,12.79,0,0,111.0,13.88,24.3
56.05,2096.9,80.5,80.4,13.0,13.0,13.24,12.79,0,0,111.0,13.93,24.2
56.1,2087.2,81.1,80.8,13.0,13.0,13.24,12.8,0,0,111.0,13.86,24.0
56.15,2077.9,81.6,81.2,13.0,13.0,13.25,12.81,0,0,111.0,13.91,23.9
56.2,2069.2,82.1,81.6,13.0,13.0,13.25,12.82,0,0,111.0,13.87,23.7
56.25,2060.9,82.7,82.0,13.0,13.0,13.25,12.82,0,0,111.0,13.9,23.5
56.3,2053.1,83.2,82.3,13.0,13.0,13.25,12.83,0,0,111.0,13.9,23.3
56.35,2045.9,83.7,82.7,13.0,13.0,13.25,12.84,0,0,111.0,13.93,23.1
56.4,2039.2,84.2,83.1,13.0,13.0,13.25,12.85,0,0,111.0,13.88,22.9
56.45,2032.9,84.7,83.5,13.0,13.0,13.25,12.86,0,0,111.0,13.9,22.7
56.5,2027.3,85.2,83.8,13.0,13.0,13.25,12.87,0,0,111.0,13.91,22.5
56.55,2022.1,85.7,84.2,13.0,13.0,13.25,12.87,0,0,111.0,13.89,22.3
56.6,2017.5,86.2,84.5,13.0,13.0,13.25,12.88,0,0,111.0,13.88,22.0
56.65,2013.4,86.6,84.9,13.0,13.0,13.25,12.89,0,0,111.0,13.9,21.8
56.7,2009.8,87.1,85.2,13.0,13.0,13.25,12.9,0,0,111.0,13.9,21.5
56.75,2006.8,87.5,85.6,13.0,13.0,13.24,12.91,0,0,111.0,13.92,21.3
56.8,2004.4,87.9,85.9,13.0,13.0,13.24,12.92,0,0,111.0,13.88,21.0
56.85,2002.5,88.3,86.2,13.0,13.0,13.24,12.93,0,0,111.0,13.89,20.8
56.9,2001.1,88.7,86.5,13.0,13.0,13.24,12.94,0,0,111.0,13.91,20.5
56.95,2000.3,89.0,86.8,13.0,13.0,13.23,12.95,0,0,111.0,13.9,20.3
57.0,2000.0,89.4,87.1,13.0,13.0,13.23,12.96,0,0,111.0,13.9,20.0
57.05,2000.3,89.7,87.3,13.0,13.0,13.23,12.97,0,0,111.0,13.9,19.7
57.1,2001.1,90.0,87.6,13.0,13.0,13.22,12.98,0,0,111.0,13.89,19.5
57.15,2002.5,90.3,87.9,13.0,13.0,13.22,12.99,0,0,111.0,13.88,19.2
57.2,2004.4,90.6,88.1,13.0,13.0,13.21,13.0,0,0,110.9,13.91,19.0
57.25,2006.8,90.8,88.3,13.0,13.0,13.21,13.01,0,0,110.9,13.88,18.7
57.3,2009.8,91.0,88.5,13.0,13.0,13.21,13.02,0,0,110.9,13.92,18.5
57.35,2013.4,91.2,88.7,13.0,13.0,13.2,13.03,0,0,110.9,13.9,18.2
57.4,2017.5,91.4,88.9,13.0,13.0,13.19,13.04,0,0,110.9,13.87,18.0
57.45,2022.1,91.6,89.1,13.0,13.0,13.19,13.05,0,0,110.9,13.91,17.7
57.5,2027.3,91.7,89.2,13.0,13.0,13.18,13.06,0,0,110.9,13.9,17.5
57.55,2032.9,91.8,89.4,13.0,13.0,13.18,13.07,0,0,110.9,13.92,17.3
57.6,2039.2,91.9,89.5,13.0,13.0,13.17,13.08,0,0,110.9,13.92,17.1
57.65,2045.9,92.0,89.6,13.0,13.0,13.16,13.09,0,0,110.9,13.89,16.9
57.7,2053.1,92.0,89.7,13.0,13.0,13.16,13.1,0,0,110.9,13.89,16.7
57.75,2060.9,92.0,89.8,13.0,13.0,13.15,13.11,0,0,110.9,13.89,16.5
57.8,2069.2,92.0,89.9,13.0,13.0,13.14,13.12,0,0,110.9,13.88,16.3
57.85,2077.9,92.0,89.9,13.0,13.0,13.14,13.13,0,0,110.9,13.89,16.1
57.9,2087.2,91.9,90.0,13.0,13.0,13.13,13.13,0,0,110.8,13.91,16.0
57.95,2096.9,91.8,90.0,13.0,13.0,13.12,13.14,0,0,110.8,13.9,15.8
58.0,2107.2,91.7,90.0,13.0,13.0,13.11,13.15,0,0,110.8,13.89,15.7
58.05,2117.9,91.6,90.0,13.0,13.0,13.11,13.16,0,0,110.8,13.89,15.5
58.1,2129.1,91.4,90.0,13.0,13.0,13.1,13.17,0,0,110.8,13.91,15.4
58.15,2140.7,91.2,89.9,13.0,13.0,13.09,13.18,0,0,110.8,13.89,15.3
58.2,2152.8,91.0,89.9,13.0,13.0,13.08,13.18,0,0,110.8,13.88,15.2
58.25,2165.3,90.8,89.8,13.0,13.0,13.07,13.19,0,0,110.8,13.9,15.2
58.3,2178.3,90.6,89.7,13.0,13.0,13.07,13.2,0,0,110.8,13.89,15.1
58.35,2191.7,90.3,89.6,13.0,13.0,13.06,13.21,0,0,110.7,13.88,15.1
58.4,2205.5,90.0,89.5,13.0,13.0,13.05,13.21,0,0,110.7,13.92,15.0
58.45,2219.7,89.7,89.4,13.0,13.0,13.04,13.22,0,0,110.7,13.92,15.0
58.5,2234.3,89.4,89.2,13.0,13.0,13.03,13.23,0,0,110.7,13.9,15.0
58.55,2249.3,89.0,89.1,13.0,13.0,13.02,13.23,0,0,110.7,13.9,15.0
58.6,2264.7,88.7,88.9,13.0,13.0,13.01,13.24,0,0,110.7,13.91,15.0
58.65,2280.4,88.3,88.7,13.0,13.0,13.01,13.25,0,0,110.7,13.9,15.1
58.7,2296.5,87.9,88.5,13.0,13.0,13.0,13.25,0,0,110.7,13.92,15.1
58.75,2313.0,87.5,88.3,13.0,13.0,12.99,13.26,0,0,110.6,13.93,15.2
58.8,2329.8,87.1,88.1,13.0,13.0,12.98,13.26,0,0,110.6,13.9,15.2
58.85,2346.9,86.6,87.9,13.0,13.0,12.97,13.27,0,0,110.6,13.91,15.3
58.9,2364.3,86.2,87.6,13.0,13.0,12.96,13.27,0,0,110.6,13.92,15.4
58.95,2382.0,85.7,87.3,13.0,13.0,12.95,13.27,0,0,110.6,13.89,15.5
59.0,2400.0,85.2,87.1,13.0,13.0,12.94,13.28,0,0,110.6,13.88,15.7
59.05,2418.3,84.7,86.8,13.0,13.0,12.94,13.28,0,0,110.5,13.92,15.8
59.1,2436.8,84.2,86.5,13.0,13.0,12.93,13.29,0,0,110.5,13.87,16.0
59.15,2455.6,83.7,86.2,13.0,13.0,12.92,13.29,0,0,110.5,13.94,16.1
59.2,2474.6,83.2,85.9,13.0,13.0,12.91,13.29,0,0,110.5,13.92,16.3
59.25,2493.9,82.7,85.6,13.0,13.0,12.9,13.29,0,0,110.5,13.9,16.5
59.3,2513.3,82.1,85.2,13.0,13.0,12.9,13.3,0,0,110.5,13.9,16.7
59.35,2533.0,81.6,84.9,13.0,13.0,12.89,13.3,0,0,110.4,13.94,16.9
59.4,2552.8,81.1,84.5,13.0,13.0,12.88,13.3,0,0,110.4,13.88,17.1
59.45,2572.8,80.5,84.2,13.0,13.0,12.87,13.3,0,0,110.4,13.88,17.3
59.5,2592.9,80.0,83.8,13.0,13.0,12.86,13.3,0,0,110.4,13.89,17.5
59.55,2613.2,79.5,83.5,13.0,13.0,12.86,13.3,0,0,110.4,13.89,17.7
59.6,2633.7,78.9,83.1,13.0,13.0,12.85,13.3,0,0,110.4,13.88,18.0
59.65,2654.2,78.4,82.7,13.0,13.0,12.84,13.3,0,0,110.3,13.9,18.2
59.7,2674.9,77.9,82.3,13.0,13.0,12.84,13.3,0,0,110.3,13.9,18.5
59.75,2695.6,77.3,82.0,13.0,13.0,12.83,13.3,0,0,110.3,13.88,18.7
59.8,2716.4,76.8,81.6,13.0,13.0,12.82,13.3,0,0,110.3,13.93,19.0
59.85,2737.2,76.3,81.2,13.0,13.0,12.82,13.3,0,0,110.3,13.87,19.2
59.9,2758.1,75.8,80.8,13.0,13.0,12.81,13.29,0,0,110.2,13.87,19.5
59.95,2779.1,75.3,80.4,13.0,13.0,12.81,13.29,0,0,110.2,13.91,19.7
60.0,2800.0,74.8,80.0,13.0,13.0,12.8,13.29,0,0,110.2,13.9,20.0
